date,open,high,low,close,volume,vwap
09/01/2013 18:18:58.662,1640.25,1642.0,1639.0,1641.25,21730.0,1640.6674873446848
09/01/2013 21:42:07.395,1641.25,1643.5,1639.75,1640.75,21730.0,1641.8287390704095
09/02/2013 02:05:27.936,1640.75,1644.5,1640.5,1644.5,21723.0,1643.1598421028402
09/02/2013 03:02:44.999,1644.5,1646.0,1642.75,1645.0,21731.0,1644.5607542220791
09/02/2013 04:34:37.195,1645.0,1647.25,1644.25,1645.5,21739.0,1646.0119485716914
09/02/2013 06:40:19.881,1645.5,1648.0,1645.25,1648.0,21708.0,1646.6736341440944
09/02/2013 08:10:23.554,1648.0,1648.5,1646.0,1646.75,21755.0,1647.471339921857
09/02/2013 09:48:27.305,1646.75,1647.75,1645.25,1647.25,21731.0,1646.3882357001519
09/02/2013 18:48:15.057,1647.25,1648.5,1645.25,1645.5,21731.0,1647.3781579310662
09/02/2013 23:35:02.956,1645.5,1648.25,1645.25,1647.75,21726.0,1647.0939772622664
09/03/2013 02:12:27.686,1647.75,1649.0,1646.25,1647.5,21736.0,1647.808439915348
09/03/2013 03:10:19.354,1647.5,1648.5,1646.5,1648.25,21728.0,1647.581726343888
09/03/2013 03:54:29.548,1648.25,1648.5,1643.5,1643.5,21732.0,1646.3015369041045
09/03/2013 04:00:25.251,1643.5,1644.5,1642.5,1642.75,21718.0,1643.278306013445
09/03/2013 04:11:09.476,1642.75,1646.75,1642.25,1644.0,21738.0,1644.3383130922807
09/03/2013 04:52:41.170,1643.75,1645.5,1642.25,1643.0,21738.0,1643.993352654338
09/03/2013 06:15:44.662,1643.0,1647.0,1642.75,1645.75,21728.0,1645.345119201031
09/03/2013 06:57:13.311,1645.75,1647.0,1642.5,1644.5,21731.0,1644.4548110993512
09/03/2013 07:39:06.094,1644.5,1646.25,1643.5,1646.25,21730.0,1644.7911527841693
09/03/2013 08:19:31.042,1646.25,1647.0,1645.5,1646.0,21732.0,1646.23479201178
09/03/2013 08:30:08.958,1646.0,1647.0,1645.5,1646.75,21715.0,1646.3275961317063
09/03/2013 08:31:25.288,1646.75,1648.75,1646.25,1648.75,21748.0,1647.7738297774508
09/03/2013 08:32:09.620,1648.75,1649.25,1647.5,1648.0,21718.0,1648.3817685790589
09/03/2013 08:34:00.667,1648.0,1649.5,1647.75,1649.5,21747.0,1648.6212006253736
09/03/2013 08:35:31.609,1649.5,1649.5,1647.75,1649.25,21703.0,1648.698474865226
09/03/2013 08:37:38.378,1649.25,1650.0,1648.5,1649.0,21739.0,1649.2370394222364
09/03/2013 08:40:26.636,1649.0,1649.75,1648.25,1649.5,21729.0,1648.9055179713746
09/03/2013 08:43:26.950,1649.5,1649.75,1647.5,1648.0,21737.0,1648.269793439757
09/03/2013 08:47:33.976,1647.75,1648.5,1647.25,1647.5,21747.0,1647.7133167793259
09/03/2013 08:51:54.168,1647.5,1648.0,1646.75,1647.0,21714.0,1647.349474993092
09/03/2013 08:56:05.933,1647.0,1648.0,1646.25,1647.5,21748.0,1646.9306947765313
09/03/2013 09:01:15.298,1647.5,1648.0,1645.25,1645.25,21727.0,1646.6886937911354
09/03/2013 09:03:20.314,1645.25,1646.25,1644.25,1645.5,21719.0,1645.2883420046965
09/03/2013 09:06:36.966,1645.5,1647.5,1645.25,1647.25,21738.0,1646.487050326617
09/03/2013 09:10:32.166,1647.25,1648.0,1645.5,1647.75,21739.0,1646.6594484566908
09/03/2013 09:13:39.691,1647.75,1648.75,1647.0,1648.25,21732.0,1647.8921176145775
09/03/2013 09:17:44.123,1648.0,1648.25,1645.5,1646.25,21731.0,1646.7546592425567
09/03/2013 09:22:05.036,1646.25,1646.25,1644.0,1644.75,21730.0,1645.0528762080073
09/03/2013 09:26:48.571,1644.75,1645.75,1643.75,1645.5,21729.0,1644.5518776749966
09/03/2013 09:31:37.917,1645.5,1645.75,1644.5,1645.25,21734.0,1645.1038004969173
09/03/2013 09:37:13.278,1645.5,1646.5,1645.25,1646.25,21731.0,1646.0335925636189
09/03/2013 09:45:50.988,1646.25,1647.5,1646.0,1647.25,21710.0,1646.5271994472594
09/03/2013 09:51:06.358,1647.25,1647.75,1646.25,1646.25,21752.0,1647.0035169179846
09/03/2013 09:57:34.157,1646.25,1646.25,1644.75,1645.25,21727.0,1645.5324365996225
09/03/2013 10:02:37.679,1645.25,1646.25,1644.5,1646.0,21735.0,1645.3540257648954
09/03/2013 10:13:53.905,1646.0,1646.75,1644.75,1646.75,21728.0,1645.749275128866
09/03/2013 10:19:13.255,1646.75,1646.75,1644.0,1644.25,21731.0,1645.1187013943215
09/03/2013 10:20:54.933,1644.25,1644.5,1642.5,1643.0,21734.0,1643.2728328885617
09/03/2013 10:23:26.087,1643.0,1643.25,1641.25,1641.5,21697.0,1642.2058233857215
09/03/2013 10:24:37.090,1641.5,1641.5,1640.0,1640.5,21764.0,1640.6520630398825
09/03/2013 10:27:17.351,1640.5,1641.5,1639.75,1639.75,21699.0,1640.7594013549012
09/03/2013 10:28:58.873,1639.75,1640.25,1638.5,1639.5,21762.0,1639.265887786049
09/03/2013 10:30:41.100,1639.5,1639.5,1637.25,1637.5,21727.0,1638.1614350807752
09/03/2013 10:33:04.925,1637.5,1639.5,1637.25,1639.0,21737.0,1638.7558540736993
09/03/2013 10:36:47.893,1639.0,1639.5,1638.25,1638.25,21729.0,1638.8727852179115
09/03/2013 10:40:43.140,1638.25,1639.5,1637.5,1639.5,21729.0,1638.4636775737495
09/03/2013 10:45:49.535,1639.5,1640.0,1637.5,1638.25,21732.0,1638.7404863795325
09/03/2013 10:49:06.871,1638.25,1638.25,1636.25,1637.75,21722.0,1637.0692500690543
09/03/2013 10:55:25.479,1637.75,1639.25,1637.5,1638.25,21668.0,1638.3681465755953
09/03/2013 11:00:59.659,1638.25,1638.5,1637.25,1638.0,21795.0,1637.7912135810966
09/03/2013 11:07:22.032,1638.0,1639.25,1637.25,1638.5,21738.0,1638.111279786549
09/03/2013 11:15:41.638,1638.5,1639.5,1637.75,1638.0,21724.0,1638.8213611673725
09/03/2013 11:22:49.051,1638.0,1638.0,1636.25,1637.25,21739.0,1637.0146740880446
09/03/2013 11:30:00.448,1637.25,1638.25,1636.75,1637.5,21730.0,1637.613276576162
09/03/2013 11:38:38.048,1637.5,1638.25,1636.5,1637.5,21730.0,1637.4522549470778
09/03/2013 11:45:26.836,1637.5,1637.75,1635.5,1636.0,21736.0,1636.484564777328
09/03/2013 11:47:37.089,1636.0,1636.5,1634.25,1634.5,21726.0,1635.1239183466814
09/03/2013 11:52:40.512,1634.5,1635.25,1633.75,1635.25,21730.0,1634.5475839852738
09/03/2013 12:00:32.137,1635.25,1635.25,1633.0,1633.0,21701.0,1634.3256877563247
09/03/2013 12:04:56.707,1633.0,1633.5,1632.0,1632.25,21766.0,1632.900016080125
09/03/2013 12:10:46.893,1632.25,1634.75,1632.0,1634.5,21732.0,1633.3039066813915
09/03/2013 12:17:11.602,1634.5,1635.5,1633.75,1634.0,21711.0,1634.7410414075814
09/03/2013 12:23:07.067,1634.0,1634.25,1632.25,1633.0,21750.0,1633.1030574712643
09/03/2013 12:33:52.566,1633.0,1635.0,1633.0,1634.5,21725.0,1634.1439010356733
09/03/2013 12:46:38.193,1634.5,1635.5,1633.0,1633.0,21727.0,1634.6509297187831
09/03/2013 12:51:10.011,1633.0,1633.25,1631.5,1633.0,21740.0,1632.5819342226312
09/03/2013 12:59:37.776,1633.0,1633.75,1631.75,1631.75,21733.0,1633.01780702158
09/03/2013 13:07:29.914,1631.75,1634.25,1631.5,1633.5,21731.0,1633.2690971423312
09/03/2013 13:15:06.360,1633.5,1635.5,1633.0,1635.25,21727.0,1634.655842960372
09/03/2013 13:23:09.236,1635.25,1635.25,1631.75,1632.25,21725.0,1633.7813808975834
09/03/2013 13:28:50.787,1632.25,1633.25,1631.25,1631.75,21741.0,1632.4849132974564
09/03/2013 13:33:18.927,1631.75,1634.5,1631.5,1634.25,21731.0,1633.6057475495836
09/03/2013 13:39:54.115,1634.25,1634.75,1632.5,1633.5,21724.0,1633.5168362180077
09/03/2013 13:47:21.716,1633.5,1633.75,1631.5,1632.25,21718.0,1632.6201883230501
09/03/2013 13:52:22.773,1632.25,1633.75,1630.75,1632.5,21749.0,1632.2750011494782
09/03/2013 13:56:54.306,1632.5,1634.75,1632.25,1634.25,21733.0,1633.6425827083237
09/03/2013 14:03:36.406,1634.25,1635.25,1634.0,1635.0,21715.0,1634.704731752245
09/03/2013 14:06:04.556,1635.0,1637.0,1635.0,1636.75,21739.0,1636.1462808776853
09/03/2013 14:08:18.187,1636.75,1638.25,1636.5,1638.0,21735.0,1637.2771681619508
09/03/2013 14:12:03.662,1638.0,1638.5,1637.25,1637.5,21733.0,1637.9867022500346
09/03/2013 14:16:44.709,1637.5,1639.0,1637.25,1638.25,21729.0,1638.2145749919462
09/03/2013 14:23:43.282,1638.25,1638.5,1637.0,1637.0,21735.0,1637.7250287554634
09/03/2013 14:30:43.220,1637.0,1638.0,1636.5,1637.75,21723.0,1636.8796667127008
09/03/2013 14:37:57.189,1637.75,1638.25,1636.75,1637.75,21730.0,1637.5917165209387
09/03/2013 14:43:14.788,1637.75,1638.5,1637.0,1638.25,21709.0,1637.9196301073287
09/03/2013 14:47:03.937,1638.25,1639.5,1638.0,1638.5,21706.0,1638.738044780245
09/03/2013 14:49:01.825,1638.5,1638.5,1635.5,1635.5,21786.0,1636.9994377122923
09/03/2013 14:54:05.578,1635.5,1636.75,1635.0,1636.25,21732.0,1635.9315295416898
09/03/2013 14:57:21.011,1636.25,1637.25,1636.0,1636.25,21731.0,1636.438037826147
09/03/2013 14:59:38.790,1636.25,1636.75,1635.5,1636.25,21729.0,1636.2795572736895
09/03/2013 15:00:00.006,1636.25,1638.0,1636.0,1638.0,21732.0,1637.2844883121663
09/03/2013 15:00:36.247,1638.0,1638.0,1637.0,1637.5,21684.0,1637.5056493266925
09/03/2013 15:03:02.459,1637.75,1638.75,1637.0,1637.75,21779.0,1637.927579319528
09/03/2013 15:09:12.931,1638.0,1639.25,1637.5,1639.0,21730.0,1638.0912103083294
09/03/2013 15:14:53.458,1639.0,1640.0,1637.5,1640.0,21731.0,1638.5075698311168
09/03/2013 19:20:11.435,1640.0,1640.0,1636.0,1638.0,21732.0,1638.0050961715442
09/04/2013 00:52:09.381,1638.0,1642.25,1637.0,1642.25,21730.0,1639.6188909341925
09/04/2013 02:23:15.227,1642.0,1642.25,1636.75,1637.0,21732.0,1639.4637286029817
09/04/2013 03:33:13.906,1637.0,1639.25,1636.25,1636.25,21730.0,1637.6939714680166
09/04/2013 04:48:24.231,1636.25,1639.25,1636.0,1637.5,21718.0,1637.6446726217885
09/04/2013 06:08:46.206,1637.5,1639.25,1636.25,1639.0,21507.0,1637.813339842842
09/04/2013 07:27:43.395,1638.75,1640.0,1637.0,1637.5,21967.0,1638.2634519961762
09/04/2013 07:49:20.776,1637.5,1638.0,1635.0,1635.75,21733.0,1636.3905696406387
09/04/2013 08:22:03.189,1635.75,1638.5,1635.5,1638.0,21731.0,1637.3481547098615
09/04/2013 08:31:13.845,1638.0,1638.75,1637.25,1638.5,21731.0,1637.9389926832635
09/04/2013 08:34:31.925,1638.5,1639.5,1637.75,1637.75,21731.0,1638.8963232248861
09/04/2013 08:36:39.646,1637.75,1638.25,1635.25,1635.75,21729.0,1636.561231533895
09/04/2013 08:40:12.093,1635.75,1637.5,1635.75,1637.25,21726.0,1636.6132974316488
09/04/2013 08:42:42.292,1637.25,1640.0,1637.25,1639.5,21737.0,1638.773531306068
09/04/2013 08:45:41.043,1639.5,1641.25,1638.75,1641.0,21731.0,1640.0490313377204
09/04/2013 08:48:58.753,1641.0,1641.75,1640.5,1641.0,21709.0,1641.1943088120136
09/04/2013 08:51:54.932,1641.0,1643.0,1640.75,1642.5,21744.0,1642.1693685614423
09/04/2013 08:55:38.038,1642.5,1643.75,1642.25,1643.25,21741.0,1643.0894278092085
09/04/2013 09:01:18.584,1643.25,1644.25,1642.25,1644.0,21731.0,1643.1835396438269
09/04/2013 09:06:51.023,1644.0,1644.75,1643.75,1644.5,21708.0,1644.1511654689516
09/04/2013 09:08:45.381,1644.5,1645.5,1644.5,1645.25,21655.0,1644.933606557377
09/04/2013 09:12:09.356,1645.25,1646.25,1644.5,1646.25,21825.0,1645.4193585337914
09/04/2013 09:16:02.146,1646.25,1646.75,1645.5,1646.5,21673.0,1646.0128962303327
09/04/2013 09:21:14.971,1646.5,1646.75,1645.5,1646.0,21794.0,1646.0328186656877
09/04/2013 09:28:34.063,1646.0,1647.0,1645.5,1646.5,21731.0,1646.2630918963691
09/04/2013 09:34:26.570,1646.5,1647.25,1645.75,1646.5,21731.0,1646.392998481432
09/04/2013 09:40:24.324,1646.5,1647.75,1645.75,1647.25,21728.0,1646.7555343335787
09/04/2013 09:46:33.177,1647.0,1647.25,1646.25,1646.75,21733.0,1646.7340104909586
09/04/2013 09:52:29.744,1646.75,1648.0,1646.5,1647.5,21727.0,1647.1135568647305
09/04/2013 09:58:45.522,1647.5,1647.75,1646.75,1647.5,21733.0,1647.2719711958773
09/04/2013 10:03:11.691,1647.5,1648.5,1647.0,1648.5,21696.0,1647.653438421829
09/04/2013 10:05:28.449,1648.5,1649.25,1648.5,1649.0,21756.0,1648.9027854384997
09/04/2013 10:10:34.259,1649.25,1649.75,1648.75,1649.5,21744.0,1649.3141556291391
09/04/2013 10:17:42.234,1649.5,1649.75,1648.5,1648.75,21724.0,1649.0099314122629
09/04/2013 10:26:15.073,1648.75,1649.0,1648.0,1648.5,21738.0,1648.5926258165425
09/04/2013 10:33:21.951,1648.5,1649.75,1648.25,1649.5,21708.0,1649.075697899392
09/04/2013 10:40:08.722,1649.5,1650.0,1648.75,1649.75,21754.0,1649.3519467684105
09/04/2013 10:41:22.417,1649.75,1651.25,1649.5,1651.0,21731.0,1650.580714187106
09/04/2013 10:46:14.839,1651.0,1651.75,1650.5,1651.5,21726.0,1651.1966998066832
09/04/2013 10:51:13.366,1651.5,1652.25,1651.0,1652.25,21728.0,1651.4624677835052
09/04/2013 10:54:45.327,1652.25,1652.75,1652.0,1652.5,21736.0,1652.4277005888848
09/04/2013 10:59:29.227,1652.75,1653.5,1652.5,1653.0,21733.0,1652.8980007362077
09/04/2013 11:06:43.059,1653.0,1653.25,1652.25,1652.75,21707.0,1652.8394181600406
09/04/2013 11:13:03.441,1652.75,1653.5,1652.5,1653.5,21756.0,1653.136560029417
09/04/2013 11:20:06.685,1653.5,1653.75,1652.0,1652.5,21730.0,1652.5736884491487
09/04/2013 11:35:31.919,1652.5,1653.0,1652.0,1652.5,21721.0,1652.4486326596382
09/04/2013 11:49:35.813,1652.5,1653.5,1652.25,1652.75,21741.0,1652.6885607837726
09/04/2013 12:00:44.058,1652.75,1653.0,1652.0,1652.25,21722.0,1652.402656293159
09/04/2013 12:15:11.000,1652.25,1653.0,1652.0,1652.75,21741.0,1652.527160664183
09/04/2013 12:22:16.733,1652.75,1654.25,1652.75,1654.0,21719.0,1653.6833763064599
09/04/2013 12:30:17.549,1654.0,1654.75,1653.75,1654.0,21743.0,1654.1534516856
09/04/2013 12:39:25.312,1654.0,1654.25,1653.25,1653.5,21730.0,1653.639438564197
09/04/2013 12:52:33.169,1653.5,1654.0,1652.25,1652.5,21728.0,1653.1595061671576
09/04/2013 13:02:02.088,1652.5,1652.5,1651.25,1651.75,21735.0,1651.8834713595584
09/04/2013 13:09:31.006,1651.75,1653.25,1651.0,1651.25,21716.0,1652.1240559955793
09/04/2013 13:23:08.702,1651.25,1652.25,1651.0,1652.0,21721.0,1651.6977694397128
09/04/2013 13:34:58.867,1652.0,1652.25,1650.75,1651.5,21756.0,1651.7131480970766
09/04/2013 13:49:52.771,1651.75,1652.5,1651.25,1652.0,21712.0,1651.8028049005159
09/04/2013 14:04:48.000,1652.0,1653.5,1651.5,1652.75,21749.0,1652.753333486597
09/04/2013 14:18:57.916,1652.5,1654.0,1652.0,1653.75,21725.0,1653.0408055235903
09/04/2013 14:24:29.682,1653.75,1654.25,1650.75,1651.0,21738.0,1652.6947971294508
09/04/2013 14:25:43.552,1651.0,1652.0,1650.0,1651.75,21731.0,1650.9320901016981
09/04/2013 14:29:36.935,1651.75,1652.75,1651.0,1651.25,21731.0,1651.7456858865216
09/04/2013 14:34:06.847,1651.25,1652.25,1650.0,1650.75,21730.0,1651.011757938334
09/04/2013 14:40:23.713,1650.75,1651.25,1649.5,1649.75,21730.0,1650.2411412793374
09/04/2013 14:45:27.434,1649.75,1652.0,1649.75,1651.5,21721.0,1650.7516919110537
09/04/2013 14:51:07.962,1651.5,1652.75,1651.25,1652.0,21685.0,1652.068572746138
09/04/2013 14:55:55.406,1652.0,1652.25,1650.25,1650.75,21788.0,1651.0596888195337
09/04/2013 14:59:06.257,1650.5,1651.25,1649.5,1651.0,21727.0,1650.3741657845078
09/04/2013 14:59:58.063,1651.0,1652.25,1650.75,1651.75,21729.0,1651.4835128169727
09/04/2013 15:00:06.634,1651.75,1652.25,1651.25,1651.5,21736.0,1651.777339436879
09/04/2013 15:01:40.048,1651.5,1652.5,1651.5,1652.25,21681.0,1652.1042041418755
09/04/2013 15:09:28.252,1652.25,1654.0,1652.0,1653.75,21778.0,1652.9332009367251
09/04/2013 15:33:39.627,1653.75,1654.0,1652.75,1653.75,21725.0,1653.3666973532797
09/04/2013 21:07:00.554,1653.75,1655.25,1653.0,1653.25,21740.0,1654.2303127874884
09/05/2013 02:18:50.718,1653.5,1655.75,1652.0,1653.75,21729.0,1653.779361682544
09/05/2013 03:07:12.167,1653.75,1656.5,1653.5,1655.25,21733.0,1655.1603322136843
09/05/2013 03:49:06.884,1655.25,1655.5,1651.25,1651.25,21732.0,1653.488093594699
09/05/2013 04:43:35.077,1651.25,1653.5,1650.5,1650.5,21731.0,1652.0645736505453
09/05/2013 05:52:20.228,1650.5,1654.5,1650.5,1653.5,21722.0,1652.5633344075131
09/05/2013 07:10:16.637,1653.5,1654.25,1652.0,1654.25,21728.0,1653.1528787739323
09/05/2013 07:41:32.211,1654.0,1655.75,1652.5,1655.5,21741.0,1654.220666022722
09/05/2013 08:06:38.525,1655.5,1656.0,1653.25,1654.25,21734.0,1654.4337788718137
09/05/2013 08:25:08.149,1654.25,1654.5,1652.25,1653.0,21721.0,1653.3361263293586
09/05/2013 08:30:36.465,1653.0,1653.0,1651.25,1651.75,21729.0,1652.2961825210548
09/05/2013 08:33:17.897,1651.75,1653.75,1651.25,1653.5,21743.0,1652.3805247665916
09/05/2013 08:35:55.778,1653.5,1655.75,1653.0,1655.5,21727.0,1654.362774428131
09/05/2013 08:39:38.576,1655.5,1656.0,1654.75,1655.75,21735.0,1655.3053830227743
09/05/2013 08:44:27.498,1655.75,1656.25,1654.75,1655.5,21731.0,1655.5751921218537
09/05/2013 08:46:36.264,1655.5,1657.75,1655.25,1657.75,21731.0,1657.0335350421058
09/05/2013 08:50:04.333,1657.5,1658.25,1657.0,1657.5,21728.0,1657.6750966494844
09/05/2013 08:55:36.954,1657.5,1657.75,1656.5,1657.5,21657.0,1657.014013944683
09/05/2013 09:01:45.454,1657.5,1658.0,1656.75,1657.0,21800.0,1657.332855504587
09/05/2013 09:05:18.640,1657.0,1657.75,1655.25,1656.25,21738.0,1656.4973663630508
09/05/2013 09:12:14.253,1656.25,1657.25,1655.5,1656.5,21732.0,1656.4358319528806
09/05/2013 09:20:31.991,1656.5,1657.75,1656.0,1656.75,21730.0,1657.138253566498
09/05/2013 09:29:38.857,1656.75,1657.25,1655.75,1656.75,21732.0,1656.4992982698325
09/05/2013 09:33:49.748,1656.75,1657.0,1654.25,1654.5,21729.0,1655.6078742694096
09/05/2013 09:36:31.287,1654.25,1654.5,1652.75,1653.75,21729.0,1653.5771434488472
09/05/2013 09:41:27.354,1653.75,1654.5,1653.5,1654.25,21735.0,1654.117253278123
09/05/2013 09:47:30.428,1654.25,1655.0,1652.75,1653.0,21731.0,1654.1261216695043
09/05/2013 09:53:54.178,1653.0,1655.75,1653.0,1655.75,21721.0,1654.3608489480227
09/05/2013 09:59:17.243,1655.75,1655.75,1653.5,1653.5,21703.0,1654.9214279131918
09/05/2013 10:02:55.769,1653.5,1654.0,1652.5,1653.5,21764.0,1653.326984929241
09/05/2013 10:09:57.750,1653.5,1654.5,1652.75,1654.25,21736.0,1653.6140159182921
09/05/2013 10:17:09.565,1654.25,1655.0,1654.0,1654.25,21730.0,1654.5095375057524
09/05/2013 10:24:29.457,1654.25,1654.5,1653.0,1653.25,21732.0,1653.9354523283637
09/05/2013 10:30:58.894,1653.25,1655.0,1653.0,1654.25,21730.0,1654.0595029912563
09/05/2013 10:39:03.025,1654.25,1656.25,1654.25,1655.0,21714.0,1655.1839596573639
09/05/2013 10:50:54.822,1655.0,1656.0,1654.75,1655.75,21749.0,1655.275460940733
09/05/2013 11:03:34.526,1655.75,1656.0,1654.75,1655.5,21730.0,1655.4732282558675
09/05/2013 11:15:56.877,1655.5,1655.5,1654.0,1654.0,21731.0,1654.929766232571
09/05/2013 11:27:56.385,1654.0,1655.25,1653.75,1654.25,21717.0,1654.3396302435879
09/05/2013 11:45:30.410,1654.25,1654.75,1653.75,1654.75,21731.0,1654.1616814688693
09/05/2013 12:06:31.868,1654.5,1655.0,1654.25,1654.75,21715.0,1654.5802670964772
09/05/2013 12:18:05.330,1654.75,1654.75,1653.25,1654.0,21712.0,1654.0080140014738
09/05/2013 12:34:56.043,1654.0,1655.25,1653.75,1654.5,21781.0,1654.6862058674992
09/05/2013 12:54:22.083,1654.5,1656.25,1654.25,1654.75,21731.0,1655.467649901063
09/05/2013 13:01:33.038,1654.75,1654.75,1653.5,1654.25,21731.0,1654.1977014403387
09/05/2013 13:24:10.758,1654.25,1655.5,1654.0,1654.75,21728.0,1654.774150865243
09/05/2013 13:41:37.720,1654.75,1655.75,1654.25,1655.5,21662.0,1655.0404163973778
09/05/2013 13:54:41.375,1655.5,1656.75,1654.5,1656.75,21800.0,1655.4643463302752
09/05/2013 14:07:43.383,1656.5,1656.75,1655.25,1655.25,21726.0,1655.808087084599
09/05/2013 14:25:01.916,1655.25,1655.5,1654.0,1654.75,21739.0,1654.863137678826
09/05/2013 14:36:02.269,1654.75,1655.0,1653.25,1653.5,21723.0,1653.9895157206647
09/05/2013 14:49:28.262,1653.5,1654.75,1653.0,1653.5,21734.0,1653.6768542376
09/05/2013 14:57:20.375,1653.5,1654.0,1653.0,1653.25,21736.0,1653.4584330143541
09/05/2013 14:59:57.029,1653.25,1653.75,1652.75,1653.5,21722.0,1653.2440267931129
09/05/2013 15:00:11.147,1653.5,1653.75,1652.5,1652.75,21699.0,1652.9468639107793
09/05/2013 15:05:42.034,1652.75,1653.25,1652.5,1653.0,21769.0,1652.7948688502
09/05/2013 15:14:57.805,1653.0,1653.5,1652.5,1653.0,21727.0,1652.954169926819
09/05/2013 20:10:26.191,1653.0,1654.0,1648.5,1649.25,21723.0,1651.584346084795
09/06/2013 00:56:33.922,1649.25,1652.75,1648.75,1651.25,21745.0,1650.908013336399
09/06/2013 02:33:36.816,1651.5,1655.75,1651.0,1654.0,21723.0,1653.967822124016
09/06/2013 03:42:35.631,1654.0,1654.5,1652.0,1652.75,21740.0,1653.030611775529
09/06/2013 05:25:25.169,1652.75,1654.0,1652.0,1652.5,21728.0,1653.0595544919
09/06/2013 06:37:14.051,1652.5,1656.0,1652.25,1655.5,21733.0,1654.1222449730824
09/06/2013 07:07:44.639,1655.5,1657.75,1655.0,1657.25,21732.0,1656.290033130867
09/06/2013 07:24:21.364,1657.25,1659.5,1657.25,1659.0,21730.0,1658.6331339162448
09/06/2013 07:30:50.666,1659.0,1659.75,1656.25,1657.5,21721.0,1658.1597532341973
09/06/2013 07:32:15.982,1657.5,1662.25,1657.25,1661.25,21490.0,1660.0641693811076
09/06/2013 07:33:44.075,1661.25,1663.5,1660.75,1661.75,21971.0,1662.1311615311092
09/06/2013 07:36:21.599,1661.75,1662.25,1659.5,1662.0,21743.0,1660.945936623281
09/06/2013 07:42:27.805,1662.0,1662.25,1658.25,1660.5,21677.0,1659.7949093509249
09/06/2013 07:51:33.275,1660.5,1661.5,1658.75,1661.0,21759.0,1660.3633783721677
09/06/2013 07:58:11.048,1661.0,1662.75,1660.5,1662.5,21751.0,1661.9606569812881
09/06/2013 08:14:41.817,1662.5,1662.75,1659.75,1659.75,21731.0,1661.2106322764714
09/06/2013 08:29:04.035,1659.75,1660.75,1659.0,1659.5,21729.0,1659.9543122094897
09/06/2013 08:32:02.155,1659.5,1660.5,1658.5,1660.25,21720.0,1659.331261510129
09/06/2013 08:34:38.123,1660.0,1660.25,1657.75,1658.75,21750.0,1658.522183908046
09/06/2013 08:37:12.797,1658.75,1661.0,1658.75,1659.75,21711.0,1660.0193220026715
09/06/2013 08:39:18.980,1659.75,1659.75,1657.25,1657.5,21751.0,1658.510781113512
09/06/2013 08:40:19.845,1657.25,1657.75,1655.75,1656.0,21707.0,1656.7217487446446
09/06/2013 08:41:19.978,1656.0,1656.0,1653.75,1653.75,21754.0,1655.0141008550152
09/06/2013 08:42:23.120,1653.75,1655.0,1652.75,1653.25,21720.0,1653.999332412523
09/06/2013 08:43:14.937,1653.25,1653.5,1652.5,1652.5,21726.0,1652.972786062782
09/06/2013 08:44:16.087,1652.5,1653.0,1650.25,1650.5,21738.0,1651.7911606403534
09/06/2013 08:44:41.539,1650.5,1650.75,1648.25,1649.0,21738.0,1649.2479988959426
09/06/2013 08:45:29.891,1649.0,1650.0,1647.5,1647.5,21723.0,1648.9518482714175
09/06/2013 08:46:07.740,1647.5,1648.0,1646.25,1646.5,21731.0,1647.2460770328103
09/06/2013 08:47:05.955,1646.5,1647.25,1644.5,1644.5,21742.0,1646.0691978658817
09/06/2013 08:47:34.891,1644.5,1644.75,1642.25,1642.5,21719.0,1643.334096873705
09/06/2013 08:48:09.448,1642.5,1644.5,1642.5,1644.25,21739.0,1643.6093311559869
09/06/2013 08:49:06.261,1644.25,1645.25,1644.0,1645.0,21729.0,1644.6820838510746
09/06/2013 08:49:56.519,1645.0,1647.0,1644.75,1647.0,21735.0,1645.8549689440995
09/06/2013 08:50:42.519,1647.0,1647.75,1646.25,1646.75,21709.0,1646.951920862315
09/06/2013 08:52:20.679,1646.75,1647.75,1645.25,1645.5,21738.0,1646.693451559481
09/06/2013 08:54:00.733,1645.5,1648.25,1645.25,1647.5,21743.0,1647.0253644851216
09/06/2013 08:55:51.024,1647.5,1647.75,1645.5,1646.5,21728.0,1646.586535806333
09/06/2013 08:57:35.829,1646.5,1647.0,1644.5,1646.5,21737.0,1645.7472397294935
09/06/2013 08:59:56.323,1646.5,1647.0,1644.5,1645.25,21733.0,1645.805342106474
09/06/2013 09:01:42.011,1645.25,1646.0,1643.25,1644.0,21725.0,1644.336168009206
09/06/2013 09:03:14.844,1644.0,1645.25,1642.25,1642.5,21734.0,1643.626276801325
09/06/2013 09:03:47.227,1642.5,1642.75,1640.25,1640.25,21733.0,1641.4422652187916
09/06/2013 09:04:26.772,1640.25,1641.0,1638.75,1639.25,21720.0,1639.8786372007366
09/06/2013 09:05:31.586,1639.25,1641.5,1639.0,1641.25,21738.0,1640.105034961818
09/06/2013 09:06:45.829,1641.25,1643.75,1640.75,1643.25,21729.0,1642.21521929219
09/06/2013 09:08:29.081,1643.25,1644.75,1642.75,1643.75,21738.0,1643.7251932100469
09/06/2013 09:10:58.410,1643.75,1645.0,1643.0,1644.5,21731.0,1643.9089089319405
09/06/2013 09:12:16.527,1644.5,1646.75,1643.75,1646.0,21727.0,1645.286889584388
09/06/2013 09:14:21.868,1646.0,1646.0,1644.25,1644.75,21734.0,1645.1674910278825
09/06/2013 09:15:44.250,1644.75,1648.25,1644.75,1648.25,21729.0,1646.5662133554235
09/06/2013 09:17:43.771,1648.25,1648.25,1646.5,1647.5,21734.0,1647.305155516702
09/06/2013 09:20:31.459,1647.5,1648.75,1647.0,1647.25,21729.0,1647.7563624649085
09/06/2013 09:24:10.820,1647.25,1648.75,1646.75,1647.75,21733.0,1647.8660447246123
09/06/2013 09:27:12.789,1647.75,1649.5,1646.25,1649.25,21724.0,1647.703438593261
09/06/2013 09:30:02.782,1649.25,1649.5,1648.5,1649.5,21734.0,1649.037705898592
09/06/2013 09:32:24.200,1649.5,1650.25,1648.5,1649.5,21735.0,1649.5042213020474
09/06/2013 09:37:22.455,1649.5,1650.5,1648.75,1649.5,21727.0,1649.6730795784047
09/06/2013 09:41:27.322,1649.5,1651.5,1648.75,1651.0,21735.0,1650.0149413388544
09/06/2013 09:43:48.590,1651.0,1652.75,1650.5,1652.5,21622.0,1651.7543589862178
09/06/2013 09:45:12.784,1652.5,1654.25,1652.0,1654.0,21840.0,1653.20625
09/06/2013 09:46:36.001,1654.0,1655.25,1653.5,1654.75,21731.0,1654.2345037043854
09/06/2013 09:49:20.315,1654.75,1655.5,1654.25,1654.5,21724.0,1654.7237962621984
09/06/2013 09:52:43.524,1654.5,1655.0,1653.5,1654.0,21700.0,1654.3836866359447
09/06/2013 09:56:55.681,1654.0,1656.5,1653.75,1656.5,21769.0,1654.7171321604117
09/06/2013 09:59:03.578,1656.25,1657.25,1656.25,1657.0,21724.0,1656.6637819922666
09/06/2013 10:01:17.060,1657.0,1658.25,1656.25,1658.0,21738.0,1657.503645689576
09/06/2013 10:04:48.934,1658.0,1659.0,1657.5,1658.5,21730.0,1658.3842843994478
09/06/2013 10:05:54.398,1658.5,1660.25,1658.25,1658.5,21732.0,1659.273766795509
09/06/2013 10:10:20.443,1658.5,1659.0,1658.0,1658.5,21644.0,1658.5267626131954
09/06/2013 10:14:49.377,1658.5,1659.75,1658.0,1658.5,21818.0,1658.7169424328536
09/06/2013 10:18:07.891,1658.5,1659.75,1657.5,1657.75,21730.0,1658.6358605614357
09/06/2013 10:20:47.821,1657.75,1658.5,1657.25,1658.25,21731.0,1657.755947724449
09/06/2013 10:27:19.223,1658.25,1659.0,1657.5,1658.25,21729.0,1658.2012172672466
09/06/2013 10:31:33.501,1658.25,1659.75,1658.0,1658.75,21732.0,1658.842662893429
09/06/2013 10:35:27.009,1658.75,1660.5,1658.25,1660.25,21728.0,1659.5410069955817
09/06/2013 10:40:10.905,1660.25,1660.5,1659.25,1659.5,21736.0,1659.8367224880383
09/06/2013 10:45:11.366,1659.5,1660.5,1658.5,1659.0,21731.0,1659.3656412498274
09/06/2013 10:55:27.369,1659.0,1659.25,1658.0,1658.5,21723.0,1658.7431409105557
09/06/2013 11:03:51.609,1658.5,1660.25,1658.25,1660.0,21731.0,1659.3667801757858
09/06/2013 11:13:33.096,1660.0,1660.0,1658.5,1659.5,21739.0,1659.139748838493
09/06/2013 11:23:05.667,1659.5,1660.5,1659.25,1659.5,21635.0,1659.7878437716663
09/06/2013 11:37:22.253,1659.5,1660.0,1658.5,1658.75,21827.0,1659.1944266275714
09/06/2013 11:42:35.426,1658.75,1659.0,1656.25,1656.25,21730.0,1657.325747814082
09/06/2013 11:54:00.753,1656.25,1657.75,1656.0,1657.25,21730.0,1656.8604233778187
09/06/2013 12:04:48.361,1657.25,1658.75,1657.25,1658.75,21494.0,1658.031939145808
09/06/2013 12:16:58.427,1658.75,1659.75,1658.75,1659.5,21969.0,1659.2055623833583
09/06/2013 12:27:02.397,1659.5,1660.75,1659.0,1659.25,21732.0,1659.8453892876864
09/06/2013 12:41:59.904,1659.25,1660.5,1659.0,1660.0,21731.0,1659.7132782660715
09/06/2013 12:49:20.951,1660.0,1662.0,1659.5,1662.0,21719.0,1660.6253050324601
09/06/2013 12:51:40.831,1662.0,1663.25,1661.5,1662.25,21743.0,1662.301441843352
09/06/2013 13:00:31.021,1662.25,1663.25,1661.75,1662.5,21729.0,1662.532548667679
09/06/2013 13:06:56.253,1662.5,1663.25,1662.0,1662.5,21730.0,1662.4450989415554
09/06/2013 13:12:41.019,1662.5,1664.0,1662.0,1662.0,21722.0,1663.0491437252556
09/06/2013 13:25:39.091,1662.0,1662.5,1661.25,1662.25,21735.0,1661.6880147227973
09/06/2013 13:39:58.655,1662.25,1663.25,1661.5,1662.25,21725.0,1662.3253049482164
09/06/2013 13:48:53.715,1662.25,1662.5,1660.75,1661.25,21729.0,1661.7085576878826
09/06/2013 13:58:22.357,1661.25,1662.5,1660.0,1660.0,21746.0,1661.4591074220546
09/06/2013 14:07:15.151,1660.0,1661.5,1660.0,1661.25,21731.0,1660.6244420413234
09/06/2013 14:08:53.605,1661.25,1661.5,1658.0,1658.0,21732.0,1659.1935394809498
09/06/2013 14:11:51.354,1658.0,1659.0,1657.0,1657.5,21722.0,1657.9863847711997
09/06/2013 14:14:51.851,1657.5,1658.0,1656.25,1657.75,21738.0,1657.056939460852
09/06/2013 14:19:28.630,1657.75,1658.75,1657.25,1658.25,21731.0,1657.9261998987622
09/06/2013 14:24:15.172,1658.25,1659.5,1658.0,1658.25,21732.0,1658.7132799558256
09/06/2013 14:34:24.385,1658.25,1658.75,1657.25,1657.5,21730.0,1658.105085135757
09/06/2013 14:38:57.018,1657.75,1658.0,1655.5,1657.0,21727.0,1656.5900952731624
09/06/2013 14:45:43.230,1657.0,1658.5,1656.25,1657.25,21729.0,1657.4349026646416
09/06/2013 14:49:40.432,1657.25,1657.5,1654.75,1655.0,21737.0,1655.73833785711
09/06/2013 14:54:49.626,1655.0,1656.0,1654.25,1656.0,21730.0,1654.997653014266
09/06/2013 14:56:33.735,1656.0,1656.25,1653.75,1654.0,21728.0,1654.8453838365242
09/06/2013 14:58:07.703,1654.0,1654.25,1653.25,1653.25,21737.0,1653.7016262593734
09/06/2013 14:59:40.385,1653.25,1653.75,1652.75,1653.25,21725.0,1653.2478250863062
09/06/2013 15:00:00.552,1653.5,1654.25,1653.25,1653.75,21732.0,1653.7090810785937
09/06/2013 15:01:03.007,1654.0,1654.5,1653.25,1653.5,21734.0,1653.8500276065151
09/06/2013 15:05:17.374,1653.5,1653.75,1652.5,1653.25,21728.0,1653.1890993188513
09/06/2013 15:14:39.100,1653.25,1654.25,1653.0,1653.5,21735.0,1653.5494824016564
09/08/2013 17:40:33.304,1653.75,1658.0,1652.0,1657.0,21732.0,1654.6174995398492
09/09/2013 00:10:47.169,1656.75,1659.25,1654.75,1658.0,21731.0,1656.6213243753164
09/09/2013 02:39:22.542,1658.0,1659.25,1656.75,1656.75,21721.0,1657.9911951567608
09/09/2013 03:59:00.679,1656.75,1659.75,1656.5,1659.0,21741.0,1658.2488156018583
09/09/2013 05:28:04.672,1659.0,1659.5,1656.5,1657.75,21725.0,1657.658504027618
09/09/2013 06:36:50.183,1657.75,1659.0,1656.0,1657.25,21737.0,1657.5104660256704
09/09/2013 07:54:06.505,1657.25,1658.25,1656.5,1657.25,21728.0,1657.2510355301915
09/09/2013 08:30:10.807,1657.25,1659.25,1657.25,1659.25,21734.0,1658.4624321339836
09/09/2013 08:31:24.719,1659.25,1661.75,1659.0,1661.0,21731.0,1660.5743062905526
09/09/2013 08:35:31.140,1661.0,1661.75,1660.0,1661.5,21731.0,1660.726128572086
09/09/2013 08:39:01.480,1661.5,1662.25,1660.75,1661.75,21731.0,1661.5412084119462
09/09/2013 08:44:33.141,1661.75,1661.75,1660.0,1660.5,21726.0,1660.9478620086531
09/09/2013 08:48:14.413,1660.5,1662.5,1660.5,1661.75,21736.0,1661.810855263158
09/09/2013 08:52:03.539,1661.75,1663.25,1661.25,1663.25,21722.0,1662.4393356965288
09/09/2013 08:55:20.487,1663.25,1664.25,1663.0,1664.0,21737.0,1663.568512214197
09/09/2013 08:59:26.777,1664.0,1664.75,1663.5,1663.75,21734.0,1664.1844920401215
09/09/2013 09:03:00.058,1663.75,1665.25,1663.5,1664.5,21697.0,1664.5027192699451
09/09/2013 09:06:07.801,1664.5,1664.75,1662.5,1663.0,21765.0,1663.4131748219618
09/09/2013 09:10:15.573,1663.0,1663.25,1661.75,1661.75,21731.0,1662.5058096728176
09/09/2013 09:16:57.609,1661.75,1662.5,1661.0,1662.25,21728.0,1661.9110824742268
09/09/2013 09:22:02.537,1662.25,1663.25,1661.5,1662.25,21731.0,1662.2918411485896
09/09/2013 09:29:55.404,1662.25,1662.75,1660.5,1660.5,21724.0,1661.68587737065
09/09/2013 09:36:47.476,1660.5,1662.25,1660.25,1662.0,21734.0,1661.4440277905585
09/09/2013 09:45:20.525,1661.75,1663.0,1661.25,1662.75,21738.0,1662.1765801821696
09/09/2013 09:55:02.932,1662.75,1662.75,1660.75,1661.0,21731.0,1661.9527633334867
09/09/2013 10:03:18.337,1661.0,1662.5,1661.0,1661.5,21680.0,1661.8889068265682
09/09/2013 10:10:08.048,1661.5,1663.25,1661.5,1663.0,21765.0,1662.3232253618194
09/09/2013 10:17:12.803,1663.0,1663.25,1661.5,1662.0,21746.0,1662.452462521843
09/09/2013 10:25:57.005,1662.0,1662.25,1661.0,1662.25,21728.0,1661.659908873343
09/09/2013 10:32:25.425,1662.25,1662.5,1661.75,1662.0,21726.0,1662.03895102642
09/09/2013 10:37:37.659,1662.0,1663.5,1662.0,1663.0,21739.0,1662.413381480289
09/09/2013 10:43:30.050,1663.0,1664.25,1662.5,1664.0,21733.0,1663.512952652648
09/09/2013 10:51:41.440,1664.0,1664.75,1663.5,1664.0,21723.0,1664.1050154214427
09/09/2013 11:00:29.898,1664.0,1664.75,1663.5,1664.5,21730.0,1664.0710308329499
09/09/2013 11:08:28.432,1664.5,1665.0,1664.0,1664.5,21724.0,1664.4744176947156
09/09/2013 11:13:25.376,1664.5,1666.75,1664.25,1666.5,21743.0,1665.507324196293
09/09/2013 11:19:13.439,1666.5,1667.0,1666.0,1666.5,21734.0,1666.5128830403976
09/09/2013 11:34:01.269,1666.5,1666.75,1665.5,1665.5,21721.0,1666.1866511670733
09/09/2013 11:39:58.876,1665.5,1666.0,1665.0,1665.5,21742.0,1665.4457961549076
09/09/2013 11:56:37.518,1665.5,1666.0,1665.25,1665.5,21731.0,1665.6538240301873
09/09/2013 12:14:36.226,1665.5,1666.75,1665.25,1665.75,21728.0,1665.8716057621502
09/09/2013 12:30:37.983,1665.75,1666.5,1665.25,1665.75,21731.0,1665.8666881413649
09/09/2013 12:45:30.147,1665.75,1667.0,1665.5,1666.75,21732.0,1666.3718364623596
09/09/2013 12:57:01.362,1666.75,1667.75,1666.5,1667.0,21732.0,1667.2040769372354
09/09/2013 13:01:24.924,1667.0,1669.25,1666.75,1669.0,21731.0,1668.2203304035709
09/09/2013 13:10:11.037,1669.0,1669.75,1668.5,1669.0,21724.0,1669.098784754189
09/09/2013 13:17:30.543,1668.75,1671.0,1668.75,1671.0,21735.0,1669.7092707614447
09/09/2013 13:20:00.458,1671.0,1671.75,1670.25,1671.25,21696.0,1670.993835269174
09/09/2013 13:24:23.107,1671.25,1671.5,1670.75,1671.25,21760.0,1671.1492417279412
09/09/2013 13:30:12.351,1671.0,1671.25,1670.25,1670.5,21740.0,1670.6446987120514
09/09/2013 13:39:35.832,1670.5,1671.0,1669.5,1669.75,21676.0,1670.2502306698652
09/09/2013 13:52:55.873,1669.75,1670.5,1669.5,1670.25,21774.0,1670.0073252502984
09/09/2013 14:06:38.178,1670.25,1670.5,1669.5,1670.25,21743.0,1670.088626224532
09/09/2013 14:15:30.410,1670.25,1670.75,1669.0,1670.25,21726.0,1670.0055923777961
09/09/2013 14:21:26.819,1670.25,1671.5,1669.75,1669.75,21734.0,1670.6626943958775
09/09/2013 14:32:04.666,1669.75,1670.25,1669.0,1670.0,21731.0,1669.6774538677466
09/09/2013 14:40:53.055,1670.0,1670.75,1669.0,1669.25,21734.0,1669.88764148339
09/09/2013 14:48:50.828,1669.25,1670.25,1668.75,1669.75,21731.0,1669.3462680042335
09/09/2013 14:55:25.495,1670.0,1670.5,1669.5,1669.75,21703.0,1670.0423674146432
09/09/2013 14:59:18.886,1669.75,1670.75,1669.5,1670.25,21759.0,1670.2344317293994
09/09/2013 15:00:00.010,1670.25,1670.5,1670.0,1670.5,21560.0,1670.2891697588127
09/09/2013 15:00:37.382,1670.5,1671.0,1670.25,1670.75,21898.0,1670.5540346150333
09/09/2013 15:03:56.249,1670.75,1671.25,1670.5,1671.0,21714.0,1670.9879570783826
09/09/2013 15:10:14.955,1671.0,1671.25,1670.0,1670.0,21748.0,1670.6386449328675
09/09/2013 15:14:17.955,1670.0,1670.25,1668.5,1668.75,21735.0,1669.265988037727
09/09/2013 17:19:03.746,1668.75,1671.25,1668.25,1671.25,21727.0,1669.8327656832512
09/09/2013 22:14:43.299,1671.0,1672.25,1669.0,1669.75,21735.0,1670.8046353807224
09/10/2013 01:56:23.996,1669.75,1673.0,1669.0,1672.5,21711.0,1671.3502256920456
09/10/2013 02:43:47.247,1672.5,1674.5,1671.5,1674.5,21751.0,1672.9486690267115
09/10/2013 03:03:49.872,1674.5,1677.25,1674.5,1676.25,21730.0,1676.2250805338242
09/10/2013 04:19:48.931,1676.25,1677.75,1676.0,1676.0,21689.0,1676.901724376412
09/10/2013 05:46:07.636,1676.0,1678.5,1675.75,1678.5,21751.0,1677.1626017194612
09/10/2013 06:18:23.047,1678.25,1678.75,1677.0,1678.75,21738.0,1678.0023806237925
09/10/2013 06:36:54.271,1678.75,1680.5,1678.0,1680.5,21747.0,1679.2151101301329
09/10/2013 06:56:00.513,1680.5,1681.25,1679.5,1680.0,21731.0,1680.3858658138145
09/10/2013 07:28:23.399,1680.0,1680.75,1679.25,1679.75,21722.0,1680.0297969800204
09/10/2013 07:55:36.302,1679.75,1680.75,1678.75,1679.0,21737.0,1679.6755647053412
09/10/2013 08:11:41.928,1679.0,1680.0,1678.5,1679.5,21730.0,1679.3076046939714
09/10/2013 08:30:04.722,1679.5,1680.75,1679.0,1680.5,21735.0,1679.867782378652
09/10/2013 08:32:20.159,1680.5,1680.75,1679.25,1679.75,21728.0,1679.816780191458
09/10/2013 08:35:42.659,1679.75,1680.0,1678.5,1678.5,21733.0,1679.1983849445544
09/10/2013 08:37:50.456,1678.5,1678.75,1676.75,1677.75,21732.0,1677.761710841156
09/10/2013 08:41:26.549,1677.75,1678.5,1677.0,1678.5,21728.0,1677.75
09/10/2013 08:45:13.505,1678.5,1678.75,1677.25,1678.25,21733.0,1677.9585308056871
09/10/2013 08:50:27.696,1678.25,1679.5,1677.75,1679.5,21725.0,1678.7185270425778
09/10/2013 08:53:48.828,1679.5,1680.25,1678.75,1679.5,21732.0,1679.7149364991717
09/10/2013 08:56:35.449,1679.5,1681.25,1679.5,1680.5,21737.0,1680.4802870681326
09/10/2013 09:00:18.503,1680.5,1681.0,1679.0,1680.0,21730.0,1680.0908996778646
09/10/2013 09:05:42.893,1680.0,1680.5,1679.25,1680.25,21724.0,1680.039069692506
09/10/2013 09:07:13.843,1680.25,1681.75,1679.5,1680.5,21728.0,1680.7440169366716
09/10/2013 09:11:52.819,1680.5,1681.0,1679.75,1680.5,21732.0,1680.427192619179
09/10/2013 09:15:21.381,1680.5,1682.0,1680.0,1681.0,21740.0,1680.8381439742411
09/10/2013 09:19:01.845,1681.0,1681.0,1679.0,1679.0,21732.0,1679.973713878152
09/10/2013 09:24:29.197,1679.25,1681.0,1679.0,1681.0,21727.0,1680.1184470934782
09/10/2013 09:30:17.980,1681.0,1682.0,1680.25,1682.0,21735.0,1681.1277432712216
09/10/2013 09:35:33.821,1682.0,1682.25,1680.75,1681.0,21731.0,1681.6021812157746
09/10/2013 09:42:56.266,1681.0,1682.5,1681.0,1682.0,21731.0,1681.653858543095
09/10/2013 09:46:54.234,1682.0,1682.75,1681.5,1681.75,21689.0,1682.1165683065149
09/10/2013 09:51:34.874,1681.75,1682.5,1681.25,1682.0,21773.0,1681.8977747669132
09/10/2013 09:57:47.982,1682.0,1683.0,1681.75,1682.0,21698.0,1682.4246243893447
09/10/2013 10:02:18.091,1682.0,1682.25,1681.25,1681.5,21763.0,1681.9131898175804
09/10/2013 10:06:48.884,1681.5,1682.25,1681.25,1681.5,21721.0,1681.597152525206
09/10/2013 10:15:08.035,1681.5,1682.0,1680.75,1681.5,21742.0,1681.5265729923651
09/10/2013 10:23:09.177,1681.5,1681.5,1680.75,1681.25,21725.0,1681.2324741081702
09/10/2013 10:29:04.663,1681.25,1681.75,1681.0,1681.5,21619.0,1681.356202877099
09/10/2013 10:33:01.315,1681.5,1681.5,1680.0,1680.5,21848.0,1680.7568427316
09/10/2013 10:38:17.773,1680.5,1680.5,1679.5,1679.75,21730.0,1680.0017832489646
09/10/2013 10:43:57.049,1679.75,1680.0,1678.25,1678.5,21733.0,1679.212338379423
09/10/2013 10:47:45.160,1678.5,1678.75,1676.75,1677.5,21731.0,1677.7527495283236
09/10/2013 10:54:00.598,1677.5,1678.75,1677.25,1678.75,21723.0,1677.9793421718916
09/10/2013 10:59:23.741,1678.75,1679.0,1678.0,1678.5,21732.0,1678.624666390576
09/10/2013 11:07:28.702,1678.5,1679.75,1678.25,1679.5,21714.0,1678.9719305517178
09/10/2013 11:16:31.041,1679.5,1680.0,1679.25,1679.75,21755.0,1679.5979200183865
09/10/2013 11:27:14.615,1679.75,1680.0,1679.0,1679.75,21727.0,1679.5042228563539
09/10/2013 11:38:22.431,1679.75,1680.25,1678.75,1679.75,21735.0,1679.5134460547504
09/10/2013 11:53:44.511,1679.75,1680.0,1678.5,1680.0,21706.0,1679.42927070856
09/10/2013 12:05:27.745,1680.0,1681.25,1679.75,1680.5,21754.0,1680.454720970856
09/10/2013 12:11:09.199,1680.5,1680.75,1679.75,1680.0,21733.0,1680.2414645930153
09/10/2013 12:20:14.337,1680.0,1681.25,1679.0,1680.5,21703.0,1679.8924918214072
09/10/2013 12:23:20.309,1680.5,1681.75,1680.25,1681.25,21759.0,1681.0137759088193
09/10/2013 12:29:02.709,1681.25,1682.0,1681.0,1681.75,21731.0,1681.4886222447196
09/10/2013 12:34:18.523,1681.75,1682.0,1680.75,1681.25,21698.0,1681.2834938704027
09/10/2013 12:41:23.878,1681.25,1681.5,1680.25,1681.25,21751.0,1680.9298537998252
09/10/2013 12:50:17.947,1681.25,1681.5,1680.5,1681.0,21741.0,1681.1536267880963
09/10/2013 13:01:53.942,1681.0,1681.75,1680.75,1681.25,21728.0,1681.2444541605303
09/10/2013 13:08:30.263,1681.25,1682.0,1680.5,1681.5,21737.0,1681.187732897824
09/10/2013 13:14:31.465,1681.5,1681.5,1680.25,1681.5,21731.0,1681.0211564124984
09/10/2013 13:25:51.684,1681.5,1681.75,1680.25,1680.5,21731.0,1680.850490083291
09/10/2013 13:34:24.369,1680.5,1681.5,1679.25,1679.75,21731.0,1680.2187773227188
09/10/2013 13:45:49.488,1679.75,1680.75,1679.25,1680.25,21729.0,1680.0654770122878
09/10/2013 13:54:02.247,1680.25,1681.0,1680.0,1680.5,21733.0,1680.4875074771085
09/10/2013 14:01:48.743,1680.5,1682.0,1680.5,1681.5,21731.0,1681.2492867332383
09/10/2013 14:07:33.202,1681.5,1682.5,1681.25,1681.5,21728.0,1681.6948752761414
09/10/2013 14:15:17.229,1681.5,1681.75,1680.5,1681.0,21732.0,1681.254739554574
09/10/2013 14:24:01.648,1681.0,1682.0,1681.0,1681.75,21718.0,1681.5256123952481
09/10/2013 14:31:16.343,1681.75,1682.75,1681.75,1682.5,21742.0,1682.18410219851
09/10/2013 14:37:31.708,1682.5,1682.75,1681.75,1682.0,21735.0,1682.2308258569128
09/10/2013 14:45:22.227,1682.0,1682.5,1680.25,1680.75,21721.0,1681.654907693016
09/10/2013 14:50:38.705,1680.75,1682.5,1680.5,1682.0,21720.0,1681.649320902394
09/10/2013 14:55:56.510,1682.0,1682.0,1681.0,1681.25,21743.0,1681.4534217909213
09/10/2013 14:59:23.217,1681.25,1682.75,1681.25,1682.75,21740.0,1682.026310947562
09/10/2013 14:59:59.391,1682.75,1683.25,1682.5,1683.0,21698.0,1683.0512604848373
09/10/2013 15:00:13.924,1683.0,1683.25,1682.0,1682.5,21732.0,1682.7088625069023
09/10/2013 15:02:19.291,1682.5,1683.0,1682.25,1682.5,21754.0,1682.6254711777144
09/10/2013 15:05:45.938,1682.5,1683.0,1682.25,1682.5,21730.0,1682.608962264151
09/10/2013 15:14:52.054,1682.5,1682.5,1681.75,1682.5,21725.0,1682.1304372842349
09/10/2013 19:27:36.593,1682.5,1683.0,1680.5,1680.75,21746.0,1682.1285178883472
09/10/2013 20:52:13.980,1680.75,1684.0,1679.75,1681.5,21731.0,1681.7026597947633
09/11/2013 02:03:34.205,1681.5,1682.75,1679.75,1680.25,21732.0,1680.9094307933
09/11/2013 03:15:22.931,1680.25,1682.5,1679.75,1681.5,21731.0,1680.8378468547237
09/11/2013 04:55:47.966,1681.5,1683.5,1680.5,1681.0,21730.0,1682.1858720662678
09/11/2013 06:30:41.668,1681.25,1683.0,1680.5,1682.25,21731.0,1682.0008398140906
09/11/2013 07:16:20.752,1682.25,1682.75,1679.75,1681.25,21731.0,1681.016899820533
09/11/2013 08:09:58.206,1681.25,1681.75,1680.25,1680.75,21724.0,1680.900835481495
09/11/2013 08:30:01.933,1680.75,1681.25,1679.25,1681.25,21721.0,1680.2630403756732
09/11/2013 08:31:18.354,1681.0,1682.0,1680.5,1681.75,21749.0,1681.2976458687756
09/11/2013 08:34:00.927,1681.75,1682.0,1679.75,1680.0,21730.0,1681.3186608375518
09/11/2013 08:36:38.215,1680.0,1682.5,1680.0,1682.25,21732.0,1681.3722505981962
09/11/2013 08:39:14.774,1682.25,1682.75,1680.75,1682.0,21731.0,1681.7747227463071
09/11/2013 08:43:17.226,1682.0,1682.75,1681.5,1681.5,21728.0,1682.1773057805597
09/11/2013 08:49:11.200,1681.5,1682.75,1681.25,1681.75,21731.0,1681.8319911646956
09/11/2013 08:54:50.434,1681.75,1682.0,1680.5,1680.75,21732.0,1681.0827236333516
09/11/2013 08:58:12.808,1680.75,1681.25,1678.5,1678.75,21733.0,1679.6393733032714
09/11/2013 09:02:39.694,1678.75,1681.0,1678.75,1680.75,21723.0,1679.8097753533123
09/11/2013 09:05:55.030,1680.75,1681.25,1680.0,1681.0,21735.0,1680.5434667586842
09/11/2013 09:09:55.846,1681.0,1681.5,1679.5,1680.0,21731.0,1680.5372624361512
09/11/2013 09:13:28.304,1680.0,1680.75,1679.25,1680.5,21731.0,1679.848315770098
09/11/2013 09:16:15.384,1680.5,1681.0,1678.75,1679.0,21716.0,1679.5939744888562
09/11/2013 09:20:21.920,1679.0,1680.25,1678.5,1679.0,21750.0,1679.1666436781609
09/11/2013 09:24:06.114,1679.0,1679.0,1677.75,1678.5,21715.0,1678.3891549620078
09/11/2013 09:31:39.352,1678.5,1679.0,1677.75,1678.75,21744.0,1678.34741767844
09/11/2013 09:35:39.621,1678.75,1680.0,1678.25,1679.75,21733.0,1679.146470804767
09/11/2013 09:41:28.587,1679.75,1680.0,1678.75,1679.5,21720.0,1679.3656192449355
09/11/2013 09:49:26.701,1679.5,1679.75,1678.25,1679.0,21741.0,1679.1172899130675
09/11/2013 09:58:06.233,1679.0,1680.25,1678.75,1680.0,21725.0,1679.3915535097813
09/11/2013 10:02:50.648,1680.0,1680.75,1679.5,1680.5,21739.0,1680.2360504163025
09/11/2013 10:09:03.802,1680.5,1681.5,1680.0,1681.25,21718.0,1680.6752002946864
09/11/2013 10:14:26.083,1681.25,1682.25,1681.0,1681.75,21744.0,1681.5865986019132
09/11/2013 10:21:21.891,1681.75,1682.0,1681.0,1681.5,21724.0,1681.5432240839625
09/11/2013 10:28:00.299,1681.5,1682.25,1681.5,1681.75,21725.0,1681.7728653624856
09/11/2013 10:31:45.746,1681.75,1683.0,1681.5,1682.75,21739.0,1682.1026151156907
09/11/2013 10:33:09.229,1682.75,1684.5,1682.5,1683.75,21736.0,1683.5315145380935
09/11/2013 10:37:20.820,1683.75,1684.75,1683.5,1684.75,21728.0,1684.0407653718703
09/11/2013 10:39:02.970,1684.75,1685.75,1684.5,1684.75,21730.0,1685.1397031753336
09/11/2013 10:46:09.307,1684.75,1685.0,1684.25,1684.5,21733.0,1684.6581696038284
09/11/2013 10:55:04.439,1684.5,1685.0,1684.0,1684.25,21733.0,1684.4593130262733
09/11/2013 11:02:01.838,1684.25,1684.75,1684.0,1684.0,21731.0,1684.461380056141
09/11/2013 11:08:08.317,1684.0,1684.5,1683.5,1684.0,21721.0,1683.9906657152064
09/11/2013 11:14:32.236,1684.25,1685.25,1684.0,1685.0,21691.0,1684.5055783504679
09/11/2013 11:19:21.639,1685.0,1685.25,1684.75,1685.25,21781.0,1684.9565561728111
09/11/2013 11:26:03.511,1685.25,1685.5,1684.5,1684.75,21713.0,1684.898735780408
09/11/2013 11:30:01.554,1684.75,1686.25,1684.25,1686.25,21749.0,1685.0627385167134
09/11/2013 11:39:10.061,1686.25,1686.25,1684.75,1685.25,21726.0,1685.3690393997974
09/11/2013 11:48:53.184,1685.25,1685.75,1684.5,1685.0,21722.0,1685.1085995764663
09/11/2013 11:57:39.898,1685.0,1686.0,1685.0,1686.0,21726.0,1685.446803369235
09/11/2013 12:08:53.757,1686.0,1686.25,1684.75,1685.25,21746.0,1685.5422376529016
09/11/2013 12:15:51.390,1685.25,1685.5,1684.75,1685.0,21720.0,1685.250126611418
09/11/2013 12:26:44.131,1685.0,1685.75,1684.75,1685.25,21746.0,1685.1959785707716
09/11/2013 12:35:17.678,1685.25,1686.75,1685.0,1686.75,21730.0,1686.220628163829
09/11/2013 12:41:20.113,1686.75,1687.5,1686.5,1687.25,21731.0,1686.9694905894805
09/11/2013 12:51:13.584,1687.25,1687.5,1686.75,1687.25,21631.0,1687.0975683047477
09/11/2013 13:02:40.775,1687.25,1687.25,1686.5,1686.75,21744.0,1686.8344945732156
09/11/2013 13:15:01.360,1686.75,1687.75,1686.0,1686.5,21541.0,1686.8379833805302
09/11/2013 13:22:27.702,1686.5,1686.5,1685.5,1686.0,21993.0,1686.140590187787
09/11/2013 13:32:32.714,1686.0,1686.75,1685.75,1686.25,21747.0,1686.2610934841587
09/11/2013 13:45:07.406,1686.25,1686.75,1685.75,1686.75,21627.0,1686.3704628473668
09/11/2013 13:55:56.442,1686.75,1687.0,1685.25,1685.25,21805.0,1686.1847053428112
09/11/2013 14:05:23.641,1685.25,1686.25,1685.0,1686.0,21756.0,1685.5605465159038
09/11/2013 14:12:22.602,1686.0,1686.0,1685.0,1685.25,21726.0,1685.5228182822425
09/11/2013 14:23:34.947,1685.25,1685.75,1684.5,1685.25,21643.0,1685.1252598992746
09/11/2013 14:32:29.549,1685.25,1685.5,1684.25,1684.75,21807.0,1684.9256202136928
09/11/2013 14:40:32.082,1684.75,1685.75,1684.5,1685.5,21746.0,1685.0990756920812
09/11/2013 14:49:29.364,1685.5,1686.0,1684.5,1685.0,21736.0,1685.3143517666545
09/11/2013 14:56:20.588,1685.0,1686.5,1684.75,1686.5,21718.0,1685.4871650244038
09/11/2013 14:59:27.801,1686.5,1687.75,1686.25,1687.25,21746.0,1686.986330819461
09/11/2013 15:00:00.180,1687.25,1688.5,1687.25,1688.25,21720.0,1687.9022214548802
09/11/2013 15:02:04.004,1688.25,1688.5,1687.5,1688.25,21740.0,1688.0258624655014
09/11/2013 15:08:02.280,1688.25,1688.5,1687.75,1688.25,21732.0,1688.1964499355788
09/11/2013 15:36:38.387,1688.25,1689.0,1688.0,1689.0,21713.0,1688.5789043430202
09/11/2013 19:40:24.592,1689.0,1690.5,1688.25,1688.25,21742.0,1689.3061125931376
09/12/2013 00:44:42.728,1688.25,1690.0,1687.25,1688.75,21737.0,1688.1799581358973
09/12/2013 03:03:18.705,1688.75,1688.75,1686.75,1687.75,21733.0,1687.5581949109649
09/12/2013 04:25:37.166,1687.75,1688.25,1685.25,1685.25,21730.0,1686.7684882650713
09/12/2013 05:59:59.180,1685.25,1687.75,1685.25,1687.5,21732.0,1686.5007132339408
09/12/2013 06:56:18.418,1687.5,1688.75,1686.75,1688.5,21731.0,1687.798364088169
09/12/2013 07:33:52.088,1688.5,1689.5,1687.0,1687.5,21730.0,1688.3170501610678
09/12/2013 08:25:42.810,1687.5,1689.0,1687.25,1687.25,21732.0,1688.1317987299835
09/12/2013 08:31:33.468,1687.25,1689.0,1687.0,1688.25,21664.0,1687.9871330317578
09/12/2013 08:36:22.741,1688.25,1688.25,1686.75,1687.0,21798.0,1687.5538122763555
09/12/2013 08:39:10.834,1687.0,1687.0,1685.5,1686.25,21730.0,1686.2802577082375
09/12/2013 08:42:33.225,1686.25,1686.75,1685.0,1685.5,21729.0,1685.7433844171385
09/12/2013 08:47:44.114,1685.5,1687.5,1685.25,1687.25,21734.0,1686.4322720161958
09/12/2013 08:52:58.382,1687.25,1687.5,1686.25,1687.25,21731.0,1686.8548157010723
09/12/2013 08:58:32.196,1687.25,1688.25,1687.0,1688.0,21725.0,1687.511070195627
09/12/2013 09:10:03.642,1688.0,1688.75,1687.0,1688.25,21734.0,1687.9762238888377
09/12/2013 09:22:49.559,1688.25,1688.25,1687.0,1687.75,21734.0,1687.5301716205024
09/12/2013 09:33:05.641,1687.75,1690.0,1687.5,1689.5,21731.0,1688.8945975794948
09/12/2013 09:47:48.710,1689.5,1690.0,1688.75,1689.25,21731.0,1689.2892066632921
09/12/2013 09:59:59.784,1689.25,1689.5,1687.75,1687.75,21705.0,1688.6980649619902
09/12/2013 10:10:46.207,1687.75,1688.75,1686.75,1686.75,21757.0,1687.897665119272
09/12/2013 10:19:24.965,1686.75,1687.25,1685.25,1685.75,21483.0,1686.3784736768607
09/12/2013 10:28:38.510,1685.75,1687.25,1685.5,1686.75,21979.0,1686.4924359615998
09/12/2013 10:37:41.201,1686.75,1687.5,1685.25,1685.25,21729.0,1686.1252588706336
09/12/2013 10:43:42.406,1685.25,1685.5,1684.25,1685.25,21732.0,1684.703041597644
09/12/2013 10:57:48.959,1685.25,1686.25,1684.25,1685.5,21732.0,1685.2325027609056
09/12/2013 11:07:34.108,1685.5,1685.75,1683.75,1683.75,21706.0,1684.6791324979267
09/12/2013 11:14:41.887,1684.0,1685.0,1682.75,1682.75,21730.0,1683.7166705016107
09/12/2013 11:26:08.928,1682.75,1683.75,1681.75,1682.0,21756.0,1682.6536472697187
09/12/2013 11:39:27.396,1682.0,1684.25,1681.75,1684.25,21731.0,1682.947689936036
09/12/2013 11:59:42.516,1684.25,1684.5,1683.25,1684.5,21732.0,1683.9986655623045
09/12/2013 12:18:49.780,1684.5,1686.75,1684.0,1686.5,21729.0,1685.313544111556
09/12/2013 12:37:38.266,1686.75,1687.5,1685.5,1686.5,21718.0,1686.6177364398195
09/12/2013 13:03:37.576,1686.5,1687.25,1685.5,1686.0,21745.0,1686.2660841572776
09/12/2013 13:21:19.358,1686.0,1686.75,1685.0,1685.5,21732.0,1685.9618649917172
09/12/2013 13:40:23.110,1685.5,1686.25,1683.75,1684.0,21725.0,1685.2263981588032
09/12/2013 13:56:37.884,1684.0,1686.75,1683.75,1686.25,21735.0,1685.2495514147688
09/12/2013 14:08:12.045,1686.25,1686.75,1684.5,1685.0,21729.0,1685.7126881126605
09/12/2013 14:16:50.166,1685.0,1685.0,1682.75,1683.0,21732.0,1683.9024710104914
09/12/2013 14:24:35.764,1683.0,1684.0,1682.5,1683.5,21734.0,1683.102466182019
09/12/2013 14:36:37.747,1683.5,1684.25,1683.25,1683.5,21676.0,1683.7874377191363
09/12/2013 14:48:22.780,1683.5,1684.25,1682.0,1682.0,21778.0,1683.3789604187712
09/12/2013 14:55:34.602,1682.0,1682.75,1681.25,1682.75,21739.0,1682.1904641427848
09/12/2013 14:59:48.868,1682.75,1683.0,1682.0,1682.75,21731.0,1682.4963301274677
09/12/2013 15:00:00.921,1682.75,1684.75,1682.5,1684.75,21731.0,1683.617125304864
09/12/2013 15:01:21.542,1684.75,1685.0,1684.25,1684.5,21731.0,1684.6435967051677
09/12/2013 15:10:29.988,1684.75,1685.0,1683.75,1684.75,21717.0,1684.4252544089884
09/12/2013 20:08:07.896,1685.0,1685.75,1678.0,1679.5,21743.0,1683.5002989467876
09/13/2013 02:02:14.884,1679.25,1680.0,1674.0,1676.0,21702.0,1677.17481107732
09/13/2013 03:32:50.044,1676.0,1679.0,1675.25,1676.25,21760.0,1676.9499770220589
09/13/2013 06:44:30.303,1676.25,1679.0,1674.75,1678.75,21700.0,1676.716831797235
09/13/2013 07:42:44.618,1678.75,1680.5,1678.0,1678.5,21764.0,1679.2561569564418
09/13/2013 08:30:12.573,1678.75,1679.75,1678.0,1679.25,21731.0,1678.9772559937417
09/13/2013 08:34:39.664,1679.25,1680.25,1678.0,1678.0,21722.0,1679.055945585121
09/13/2013 08:38:51.378,1678.0,1680.0,1677.75,1679.5,21722.0,1678.9936700119695
09/13/2013 08:43:39.194,1679.5,1680.5,1678.75,1680.0,21746.0,1679.6342890646556
09/13/2013 08:51:16.754,1680.0,1680.5,1679.0,1680.25,21734.0,1679.7066692739486
09/13/2013 08:56:39.399,1680.25,1682.25,1679.0,1679.5,21731.0,1680.5018061755097
09/13/2013 09:02:05.109,1679.5,1680.75,1679.0,1679.5,21731.0,1680.0962219870232
09/13/2013 09:07:06.357,1679.5,1679.75,1677.75,1678.0,21727.0,1678.5617549592673
09/13/2013 09:12:41.894,1678.0,1678.0,1676.25,1676.5,21643.0,1677.2459571223953
09/13/2013 09:18:53.435,1676.5,1677.0,1675.75,1676.25,21822.0,1676.3471382091468
09/13/2013 09:28:26.461,1676.25,1677.25,1675.0,1675.25,21732.0,1676.13018820173
09/13/2013 09:33:46.099,1675.25,1677.5,1675.25,1677.0,21724.0,1676.456223531578
09/13/2013 09:41:00.971,1677.0,1678.75,1676.75,1678.25,21455.0,1677.5793637846655
09/13/2013 09:48:02.723,1678.25,1679.5,1678.0,1678.5,22013.0,1678.80852223686
09/13/2013 09:58:23.567,1678.5,1679.75,1678.0,1679.25,21731.0,1678.9795913671712
09/13/2013 10:11:17.289,1679.25,1679.5,1678.5,1679.0,21732.0,1678.8879417448923
09/13/2013 10:25:56.866,1679.0,1680.75,1679.0,1680.75,21718.0,1679.6943549129753
09/13/2013 10:34:23.008,1680.75,1681.5,1680.0,1680.5,21554.0,1680.7345040363737
09/13/2013 11:00:11.112,1680.5,1681.25,1680.0,1680.75,21921.0,1680.5590757720906
09/13/2013 11:33:58.101,1680.75,1681.75,1680.25,1680.75,21689.0,1680.8428350776892
09/13/2013 12:02:05.725,1680.75,1681.25,1679.25,1680.25,21673.0,1680.0319291284086
09/13/2013 12:48:20.748,1680.25,1681.25,1680.0,1680.75,21831.0,1680.6531995785808
09/13/2013 13:14:55.721,1680.75,1682.0,1680.5,1681.5,21727.0,1681.419351498136
09/13/2013 13:54:20.756,1681.5,1681.75,1680.25,1680.75,21735.0,1680.8170807453416
09/13/2013 14:27:43.991,1680.75,1681.0,1679.5,1680.5,21729.0,1680.351442772332
09/13/2013 14:51:17.742,1680.5,1681.0,1679.0,1679.5,21732.0,1680.067492637585
09/13/2013 14:58:39.533,1679.5,1680.5,1678.75,1680.5,21695.0,1679.5562687255128
09/13/2013 14:59:57.039,1680.5,1681.5,1680.25,1681.0,21702.0,1680.9643235646483
09/13/2013 15:00:38.126,1681.0,1681.5,1680.25,1680.25,21788.0,1681.022810721498
09/13/2013 15:11:46.053,1680.5,1682.0,1680.25,1682.0,21734.0,1681.303326585074
09/15/2013 17:00:07.732,1682.0,1696.0,1681.75,1694.5,21737.0,1686.2927496894695
09/15/2013 17:09:19.346,1694.5,1701.5,1694.0,1700.5,21731.0,1697.3353159081496
09/15/2013 17:42:11.650,1700.5,1701.75,1698.0,1701.5,21729.0,1699.4562681209443
09/15/2013 18:43:02.781,1701.5,1703.75,1700.25,1700.5,21732.0,1701.799385698509
09/15/2013 22:37:56.373,1700.5,1701.0,1699.0,1700.25,21729.0,1699.8384877352846
09/16/2013 02:01:14.976,1700.5,1701.0,1698.5,1699.0,21733.0,1699.5458404270005
09/16/2013 02:42:49.246,1699.0,1699.5,1697.5,1699.25,21730.0,1698.206603773585
09/16/2013 03:32:46.150,1699.25,1702.5,1698.75,1702.25,21728.0,1700.8795448269514
09/16/2013 05:33:29.221,1702.25,1702.25,1699.75,1700.5,21736.0,1700.9960664335665
09/16/2013 06:59:43.749,1700.5,1700.75,1699.0,1699.5,21717.0,1699.7656789611824
09/16/2013 07:53:07.524,1699.5,1700.0,1697.5,1698.25,21744.0,1698.6829125275938
09/16/2013 08:25:35.787,1698.25,1699.5,1697.75,1699.5,21732.0,1698.7655531014173
09/16/2013 08:31:04.929,1699.5,1700.5,1699.0,1700.25,21728.0,1699.708049521355
09/16/2013 08:33:40.331,1700.25,1700.25,1697.5,1697.75,21733.0,1698.7261997883404
09/16/2013 08:36:06.599,1697.75,1698.25,1696.75,1697.0,21663.0,1697.429176476019
09/16/2013 08:38:53.749,1697.0,1697.25,1696.0,1696.25,21799.0,1696.6094545621359
09/16/2013 08:41:17.269,1696.25,1696.75,1695.0,1695.25,21718.0,1695.856397918777
09/16/2013 08:43:29.158,1695.25,1695.75,1694.5,1695.5,21745.0,1695.165980685215
09/16/2013 08:46:15.742,1695.5,1695.75,1694.0,1694.75,21642.0,1694.6047500231032
09/16/2013 08:50:05.443,1694.75,1696.0,1694.25,1695.75,21819.0,1695.1408863834272
09/16/2013 08:55:44.403,1695.75,1696.0,1694.25,1694.5,21723.0,1695.1303457165216
09/16/2013 08:59:24.421,1694.5,1694.75,1693.5,1694.25,21737.0,1694.0507314716842
09/16/2013 09:03:00.422,1694.25,1695.25,1692.75,1692.75,21719.0,1694.0964823426493
09/16/2013 09:04:53.474,1692.75,1693.0,1691.75,1693.0,21745.0,1692.4206024373418
09/16/2013 09:07:07.677,1693.0,1694.25,1692.75,1693.75,21729.0,1693.5591720741866
09/16/2013 09:15:30.873,1693.75,1694.75,1693.25,1694.75,21734.0,1693.8938644520106
09/16/2013 09:20:34.919,1694.75,1695.75,1694.75,1695.25,21681.0,1695.2175983580094
09/16/2013 09:30:36.992,1695.25,1696.0,1694.75,1695.0,21781.0,1695.45713006749
09/16/2013 09:35:41.928,1695.0,1696.75,1694.5,1695.25,21731.0,1695.8115595232616
09/16/2013 09:41:31.345,1695.25,1696.25,1695.0,1695.25,21731.0,1695.6982651511664
09/16/2013 09:51:15.386,1695.25,1696.0,1694.5,1695.25,21727.0,1695.1679016891426
09/16/2013 10:00:16.745,1695.25,1695.75,1693.75,1694.5,21731.0,1694.7447080207999
09/16/2013 10:05:24.606,1694.5,1695.0,1693.75,1694.75,21724.0,1694.2111374516664
09/16/2013 10:17:41.548,1694.5,1695.5,1694.25,1695.0,21735.0,1694.8775477340694
09/16/2013 10:30:34.640,1695.0,1696.25,1694.5,1696.25,21738.0,1695.6703353574385
09/16/2013 10:42:28.474,1696.25,1697.0,1695.75,1697.0,21559.0,1696.304652349367
09/16/2013 11:01:32.702,1697.0,1697.25,1696.25,1697.0,21864.0,1696.7218944383462
09/16/2013 11:11:43.565,1697.0,1697.75,1696.5,1697.5,21770.0,1697.0617822691777
09/16/2013 11:22:00.218,1697.5,1698.5,1697.0,1698.0,21731.0,1697.704109336892
09/16/2013 11:36:27.503,1698.0,1698.5,1696.5,1696.5,21717.0,1697.3842036192843
09/16/2013 11:56:15.050,1696.5,1697.25,1695.5,1695.5,21733.0,1696.4937192288226
09/16/2013 12:15:11.048,1695.5,1696.0,1694.75,1695.25,21743.0,1695.4105459228258
09/16/2013 12:38:56.438,1695.25,1695.5,1693.75,1694.0,21731.0,1694.7395886061388
09/16/2013 12:42:35.524,1694.0,1694.5,1691.5,1691.5,21731.0,1692.837950393447
09/16/2013 12:45:02.461,1691.5,1691.75,1690.0,1691.25,21731.0,1690.8295522525425
09/16/2013 12:58:40.759,1691.25,1693.0,1691.0,1693.0,21730.0,1692.032432121491
09/16/2013 13:11:07.204,1693.0,1693.25,1691.5,1691.5,21721.0,1692.694132406427
09/16/2013 13:24:31.505,1691.5,1693.25,1691.25,1692.5,21742.0,1692.3274997700303
09/16/2013 13:32:50.806,1692.5,1692.75,1690.0,1690.0,21684.0,1691.1734343294595
09/16/2013 13:38:11.932,1690.0,1691.0,1689.25,1690.25,21776.0,1690.2188188831742
09/16/2013 13:48:38.711,1690.25,1690.5,1689.0,1690.25,21732.0,1689.7348725381926
09/16/2013 13:59:02.265,1690.25,1691.5,1690.0,1690.25,21732.0,1690.71514356709
09/16/2013 14:10:04.507,1690.25,1692.0,1689.75,1692.0,21728.0,1690.9188029270986
09/16/2013 14:24:23.500,1692.0,1692.5,1691.0,1691.0,21723.0,1691.8323205818717
09/16/2013 14:32:54.392,1691.0,1691.75,1688.75,1689.0,21741.0,1690.290706499241
09/16/2013 14:38:42.710,1689.0,1690.5,1688.5,1688.5,21721.0,1689.4446503383822
09/16/2013 14:42:39.851,1688.5,1690.5,1688.25,1688.75,21707.0,1689.447850923665
09/16/2013 14:48:02.477,1688.75,1689.75,1688.0,1688.75,21761.0,1688.6810693442396
09/16/2013 14:55:08.755,1688.75,1690.5,1688.5,1690.25,21733.0,1689.5683407720978
09/16/2013 14:58:42.938,1690.25,1691.0,1689.5,1690.75,21710.0,1690.321476278213
09/16/2013 15:00:02.313,1690.75,1691.5,1690.0,1691.25,21743.0,1690.659476613163
09/16/2013 15:02:46.656,1691.25,1691.5,1690.0,1690.25,21743.0,1690.6735041162674
09/16/2013 15:11:08.604,1690.25,1691.25,1689.5,1691.0,21722.0,1690.3285954332014
09/16/2013 17:00:59.576,1691.0,1692.25,1688.75,1689.5,21727.0,1691.034300639757
09/17/2013 00:20:08.730,1689.5,1690.75,1688.0,1688.75,21741.0,1689.5259187709858
09/17/2013 03:00:56.930,1689.0,1691.25,1688.0,1688.25,21733.0,1689.5405949477752
09/17/2013 04:38:14.762,1688.25,1690.5,1687.75,1688.25,21723.0,1688.8614026607743
09/17/2013 06:24:41.463,1688.25,1690.25,1688.25,1690.25,21738.0,1689.1722674579078
09/17/2013 07:17:34.526,1690.25,1691.5,1689.5,1691.25,21718.0,1690.7514504097983
09/17/2013 07:50:00.873,1691.25,1692.75,1691.0,1692.25,21744.0,1691.846578366446
09/17/2013 08:11:06.784,1692.25,1693.25,1691.75,1692.25,21539.0,1692.5784158967454
09/17/2013 08:30:12.045,1692.25,1692.75,1691.75,1692.75,21921.0,1692.2974202819214
09/17/2013 08:33:30.957,1692.75,1694.0,1692.5,1694.0,21731.0,1693.3708181860015
09/17/2013 08:38:00.291,1694.0,1694.5,1693.25,1693.75,21732.0,1693.9294473587336
09/17/2013 08:42:00.988,1693.75,1695.0,1693.5,1694.5,21734.0,1694.2717401306709
09/17/2013 08:47:48.863,1694.5,1695.25,1694.0,1695.0,21731.0,1694.6240393907322
09/17/2013 08:51:29.534,1695.0,1696.0,1694.5,1695.75,21715.0,1695.1818673727837
09/17/2013 08:56:18.545,1695.75,1696.5,1695.25,1695.5,21747.0,1695.8596932910286
09/17/2013 09:04:02.392,1695.5,1696.0,1694.75,1695.5,21729.0,1695.3712550048322
09/17/2013 09:10:25.050,1695.5,1696.5,1695.25,1696.0,21732.0,1695.9553308485183
09/17/2013 09:16:05.979,1696.0,1697.0,1695.5,1696.75,21729.0,1696.2695245984628
09/17/2013 09:25:35.353,1696.75,1697.25,1696.25,1696.75,21734.0,1696.8460821753933
09/17/2013 09:36:55.913,1696.75,1697.75,1696.25,1697.25,21731.0,1696.8814941788228
09/17/2013 09:46:34.122,1697.25,1697.5,1695.75,1696.0,21725.0,1696.553670886076
09/17/2013 09:57:51.640,1696.0,1696.75,1695.5,1696.5,21737.0,1696.0924115563325
09/17/2013 10:13:39.563,1696.5,1697.0,1695.75,1695.75,21719.0,1696.4336525622728
09/17/2013 10:27:24.894,1695.75,1696.75,1695.5,1696.5,21734.0,1696.2593977178615
09/17/2013 10:41:46.956,1696.5,1697.25,1695.5,1696.25,21740.0,1696.3533693652255
09/17/2013 11:09:45.104,1696.25,1696.75,1695.5,1696.25,21731.0,1696.1371542957065
09/17/2013 11:45:32.477,1696.25,1697.0,1695.75,1697.0,21731.0,1696.358531590815
09/17/2013 12:00:37.008,1696.75,1698.5,1696.5,1698.25,21730.0,1697.46797054763
09/17/2013 12:16:16.156,1698.25,1698.5,1697.0,1697.25,21730.0,1697.8735503911644
09/17/2013 12:53:56.952,1697.25,1698.25,1697.0,1698.0,21733.0,1697.5378571757235
09/17/2013 13:18:32.721,1698.0,1698.75,1697.75,1697.75,21696.0,1698.1501544063422
09/17/2013 13:37:36.699,1697.75,1698.5,1697.25,1698.25,21747.0,1697.840092886375
09/17/2013 14:01:36.428,1698.25,1698.5,1697.5,1698.0,21736.0,1698.054690375414
09/17/2013 14:23:24.681,1698.0,1698.25,1697.5,1698.0,21742.0,1697.926651182044
09/17/2013 14:34:35.739,1698.0,1698.25,1697.0,1697.25,21729.0,1697.727081319895
09/17/2013 14:43:43.686,1697.25,1697.5,1696.5,1697.25,21732.0,1696.9787180195103
09/17/2013 14:53:13.371,1697.25,1698.0,1697.0,1697.25,21725.0,1697.5415420023014
09/17/2013 14:59:19.335,1697.25,1698.0,1697.0,1697.75,21733.0,1697.4173261859844
09/17/2013 15:00:00.098,1697.75,1698.25,1697.75,1698.25,21701.0,1698.0003801668126
09/17/2013 15:04:18.796,1698.0,1698.5,1697.5,1697.75,21760.0,1697.8693933823529
09/17/2013 15:13:53.723,1697.75,1698.25,1697.5,1698.25,21736.0,1697.9616994847258
09/17/2013 17:16:53.896,1698.25,1699.75,1698.0,1698.5,21732.0,1698.8456423706975
09/18/2013 00:17:24.968,1698.5,1701.0,1698.25,1699.5,21733.0,1699.5656950259972
09/18/2013 03:04:55.337,1699.5,1700.0,1698.0,1699.75,21729.0,1699.1283423075154
09/18/2013 04:35:06.040,1699.75,1701.5,1699.75,1701.0,21734.0,1700.4689196650409
09/18/2013 05:58:01.660,1701.0,1701.75,1699.25,1700.25,21731.0,1700.2690051079103
09/18/2013 07:14:34.959,1700.25,1700.5,1699.0,1699.5,21730.0,1699.63508973769
09/18/2013 07:54:07.684,1699.5,1700.25,1698.25,1698.5,21732.0,1699.1742476532302
09/18/2013 08:27:43.559,1698.5,1699.0,1697.25,1697.75,21731.0,1698.0995007132667
09/18/2013 08:31:59.378,1697.75,1698.75,1697.5,1697.75,21727.0,1698.0620081005202
09/18/2013 08:36:43.810,1697.75,1698.5,1697.0,1698.25,21734.0,1697.598911843195
09/18/2013 08:41:55.154,1698.25,1698.75,1697.25,1697.5,21725.0,1698.1655466052935
09/18/2013 08:49:48.246,1697.5,1698.75,1697.0,1698.5,21738.0,1697.8519067991535
09/18/2013 08:58:07.711,1698.5,1699.0,1698.0,1698.0,21731.0,1698.5360889972849
09/18/2013 09:05:23.604,1698.0,1698.5,1697.25,1698.25,21730.0,1697.8252761159688
09/18/2013 09:13:06.221,1698.25,1699.25,1698.25,1698.75,21678.0,1698.710005535566
09/18/2013 09:22:28.891,1698.75,1699.25,1697.0,1697.0,21781.0,1698.1101648225517
09/18/2013 09:28:16.057,1697.0,1697.25,1695.5,1695.75,21733.0,1696.5795449316706
09/18/2013 09:34:37.142,1695.75,1696.25,1695.0,1695.5,21717.0,1695.632615002072
09/18/2013 09:42:15.028,1695.5,1696.5,1695.0,1696.0,21739.0,1695.7119692718156
09/18/2013 09:50:04.264,1696.0,1696.0,1694.5,1695.25,21735.0,1695.245318610536
09/18/2013 10:02:22.125,1695.5,1696.25,1695.0,1696.25,21731.0,1695.7397381620726
09/18/2013 10:16:48.390,1696.25,1696.5,1695.5,1695.5,21726.0,1695.933432293105
09/18/2013 10:33:19.301,1695.5,1696.0,1695.0,1695.75,21739.0,1695.58317999908
09/18/2013 10:45:32.245,1695.75,1696.25,1694.5,1694.75,21732.0,1695.3396258972944
09/18/2013 10:55:22.201,1694.75,1695.5,1694.0,1694.75,21731.0,1694.789091620266
09/18/2013 11:06:09.349,1694.75,1695.0,1693.75,1694.0,21685.0,1694.1835831219737
09/18/2013 11:20:24.177,1694.0,1694.75,1693.25,1693.5,21764.0,1693.9812419591988
09/18/2013 11:33:04.881,1693.5,1694.5,1693.25,1694.0,21742.0,1693.9400124183608
09/18/2013 11:53:08.293,1694.0,1695.25,1693.75,1695.0,21732.0,1694.4805241119086
09/18/2013 12:15:22.433,1695.0,1696.0,1695.0,1696.0,21549.0,1695.3219406933035
09/18/2013 12:26:47.361,1696.0,1697.25,1695.75,1696.75,21906.0,1696.289920569707
09/18/2013 12:38:38.738,1696.75,1697.5,1695.75,1696.0,21738.0,1696.7845822982795
09/18/2013 12:56:47.024,1696.0,1696.5,1695.5,1696.25,21729.0,1696.004199456947
09/18/2013 13:00:07.686,1696.25,1704.25,1695.0,1704.25,21733.0,1698.9064211107532
09/18/2013 13:00:24.880,1704.25,1708.75,1703.0,1707.5,21658.0,1706.1460084033613
09/18/2013 13:00:51.053,1707.75,1711.5,1706.75,1711.0,21805.0,1709.2501146526026
09/18/2013 13:01:12.877,1711.0,1713.0,1710.0,1711.25,21731.0,1711.2387142791404
09/18/2013 13:01:45.784,1711.25,1711.5,1708.75,1709.75,21723.0,1710.395421903052
09/18/2013 13:02:26.871,1709.75,1711.75,1708.75,1711.25,21739.0,1710.7549105294631
09/18/2013 13:03:50.628,1711.25,1712.0,1707.5,1707.75,21729.0,1710.4608357494592
09/18/2013 13:05:10.650,1707.75,1708.25,1706.5,1707.0,21730.0,1707.3271744132535
09/18/2013 13:06:27.364,1707.0,1710.0,1706.0,1708.5,21734.0,1707.770934940646
09/18/2013 13:07:50.466,1708.5,1710.5,1708.25,1709.5,21731.0,1709.3916984952373
09/18/2013 13:09:30.372,1709.25,1710.0,1707.75,1709.75,21724.0,1708.726650248573
09/18/2013 13:10:39.291,1709.75,1712.0,1709.25,1711.5,21733.0,1710.820192794368
09/18/2013 13:11:29.538,1711.5,1714.0,1711.5,1713.25,21726.0,1712.6618222406335
09/18/2013 13:12:08.954,1713.25,1715.5,1713.25,1715.0,21741.0,1714.5135688330804
09/18/2013 13:13:07.638,1715.0,1715.5,1713.25,1713.25,21730.0,1714.2716290842154
09/18/2013 13:14:38.236,1713.25,1714.0,1712.5,1713.0,21720.0,1713.249873388582
09/18/2013 13:16:22.679,1713.0,1714.25,1711.75,1713.75,21742.0,1712.9843160702787
09/18/2013 13:19:19.793,1713.75,1713.75,1712.0,1712.75,21730.0,1712.7106879889554
09/18/2013 13:21:30.194,1712.75,1714.5,1712.0,1714.5,21728.0,1713.2445462076582
09/18/2013 13:22:37.550,1714.5,1716.5,1714.0,1716.25,21736.0,1715.3453832351859
09/18/2013 13:24:25.681,1716.25,1717.0,1715.5,1716.0,21722.0,1716.2872663658964
09/18/2013 13:27:52.208,1716.0,1717.0,1714.75,1715.0,21659.0,1716.1506533080935
09/18/2013 13:30:01.804,1715.0,1715.25,1712.75,1713.75,21812.0,1713.9618902439024
09/18/2013 13:33:37.596,1713.5,1714.75,1712.5,1712.5,21730.0,1713.688656235619
09/18/2013 13:35:53.548,1712.75,1714.5,1712.0,1713.75,21715.0,1713.1985954409395
09/18/2013 13:40:02.509,1714.0,1714.5,1712.5,1714.25,21726.0,1713.7016017674675
09/18/2013 13:44:09.854,1714.25,1716.0,1713.5,1715.75,21747.0,1714.7948912493678
09/18/2013 13:47:43.972,1715.75,1716.5,1714.75,1715.75,21737.0,1715.50302479643
09/18/2013 13:50:03.814,1715.75,1717.75,1715.25,1717.25,21729.0,1716.6289866077593
09/18/2013 13:53:42.876,1717.25,1719.0,1717.0,1719.0,21731.0,1718.073915144264
09/18/2013 13:56:50.920,1719.0,1719.75,1718.5,1719.25,21727.0,1719.1660261425875
09/18/2013 13:58:40.847,1719.25,1721.75,1719.0,1721.25,21736.0,1720.567572230401
09/18/2013 14:00:02.501,1721.25,1722.5,1721.0,1722.5,21703.0,1721.7817582822652
09/18/2013 14:01:43.548,1722.5,1723.25,1721.25,1721.75,21759.0,1722.015614228595
09/18/2013 14:04:46.157,1721.75,1723.0,1721.25,1722.0,21727.0,1722.3613706448198
09/18/2013 14:07:51.944,1722.0,1722.25,1720.25,1721.25,21733.0,1721.024720471173
09/18/2013 14:12:15.096,1721.25,1721.5,1719.75,1720.5,21734.0,1720.5324146498574
09/18/2013 14:16:38.511,1720.5,1721.0,1719.25,1719.75,21731.0,1719.8687128986242
09/18/2013 14:19:53.299,1719.75,1719.75,1717.75,1718.0,21729.0,1718.6870886833265
09/18/2013 14:24:01.795,1718.0,1718.75,1717.5,1718.5,21733.0,1717.9286453779966
09/18/2013 14:27:53.479,1718.5,1719.0,1717.5,1717.75,21310.0,1718.3924565931488
09/18/2013 14:30:19.178,1717.75,1718.75,1716.75,1718.0,22152.0,1717.5632222824124
09/18/2013 14:33:03.470,1718.0,1718.5,1717.0,1717.25,21731.0,1717.741555841885
09/18/2013 14:37:54.679,1717.25,1718.0,1716.75,1717.75,21731.0,1717.4236344392802
09/18/2013 14:41:18.554,1717.75,1719.5,1717.75,1718.75,21728.0,1718.747100515464
09/18/2013 14:46:03.069,1718.75,1719.75,1718.25,1718.75,21733.0,1718.9569663645148
09/18/2013 14:51:05.716,1718.75,1719.25,1718.0,1718.75,21731.0,1718.667491141687
09/18/2013 14:54:43.145,1718.75,1718.75,1717.0,1717.0,21720.0,1717.7291896869244
09/18/2013 14:57:29.104,1717.0,1717.75,1716.25,1717.5,21734.0,1717.053200055213
09/18/2013 14:59:32.056,1717.5,1718.5,1717.25,1718.25,21694.0,1717.9624550566978
09/18/2013 14:59:58.849,1718.25,1718.75,1718.0,1718.5,21771.0,1718.3089430894308
09/18/2013 15:00:04.991,1718.5,1719.25,1718.25,1719.0,21734.0,1718.6359390816233
09/18/2013 15:00:41.047,1719.0,1719.0,1718.0,1718.0,21727.0,1718.5005292953467
09/18/2013 15:02:49.189,1718.0,1718.25,1717.25,1717.5,21738.0,1717.7848353114362
09/18/2013 15:08:28.150,1717.5,1718.25,1717.25,1717.75,21719.0,1717.8547239744003
09/18/2013 15:14:34.372,1717.75,1718.25,1717.25,1718.0,21721.0,1717.712881543207
09/18/2013 17:43:51.724,1718.0,1719.5,1717.5,1718.5,21753.0,1718.355192387257
09/18/2013 21:20:46.708,1718.5,1720.5,1718.25,1720.0,21689.0,1719.3191018488635
09/19/2013 01:08:51.511,1720.0,1721.0,1718.75,1719.25,21767.0,1719.8293517710295
09/19/2013 02:13:49.870,1719.25,1721.5,1719.0,1721.0,21734.0,1720.6596921873563
09/19/2013 02:45:34.465,1721.0,1722.5,1720.5,1722.5,21729.0,1721.3460122417046
09/19/2013 03:21:45.041,1722.5,1723.75,1722.0,1722.75,21736.0,1722.836170408539
09/19/2013 04:18:57.191,1722.75,1724.25,1722.25,1724.25,21730.0,1723.1628393925448
09/19/2013 04:41:46.013,1724.25,1726.5,1724.25,1726.25,21732.0,1725.405933646236
09/19/2013 05:45:07.209,1726.25,1726.75,1725.0,1725.5,21731.0,1725.7829483226726
09/19/2013 06:41:12.230,1725.5,1726.0,1722.5,1722.75,21726.0,1724.3166022277455
09/19/2013 07:23:50.879,1723.0,1723.25,1721.25,1721.5,21712.0,1722.2077077192337
09/19/2013 07:46:25.824,1721.5,1723.0,1721.25,1722.5,21731.0,1722.2985021398003
09/19/2013 08:08:18.089,1722.5,1722.75,1721.0,1722.0,21752.0,1721.8666559396836
09/19/2013 08:30:03.519,1722.25,1723.5,1722.0,1723.0,21730.0,1722.684733087897
09/19/2013 08:32:43.605,1723.0,1723.5,1722.5,1722.75,21712.0,1722.975865880619
09/19/2013 08:36:09.810,1722.75,1723.75,1722.5,1723.0,21754.0,1723.0886733474304
09/19/2013 08:38:54.154,1722.75,1723.5,1721.25,1721.25,21725.0,1722.4951783659378
09/19/2013 08:41:15.760,1721.25,1721.5,1720.25,1720.75,21737.0,1720.8466439711092
09/19/2013 08:43:48.857,1720.75,1721.25,1719.75,1719.75,21731.0,1720.6133058763978
09/19/2013 08:45:50.787,1719.75,1720.75,1719.25,1720.5,21646.0,1719.8619375404232
09/19/2013 08:48:00.344,1720.5,1721.0,1719.0,1719.5,21721.0,1719.9452833663274
09/19/2013 08:51:29.624,1719.5,1720.0,1718.75,1718.75,21826.0,1719.4154792449372
09/19/2013 08:53:41.051,1718.75,1719.25,1718.25,1719.25,21727.0,1718.8361600773233
09/19/2013 08:56:38.575,1719.25,1721.0,1719.0,1720.75,21734.0,1719.6340181282783
09/19/2013 09:00:25.577,1720.75,1722.25,1720.25,1720.75,21731.0,1721.0425083981409
09/19/2013 09:03:04.699,1720.75,1722.5,1720.5,1722.25,21731.0,1721.685621922599
09/19/2013 09:06:33.422,1722.5,1722.75,1720.75,1721.0,21731.0,1721.718351663522
09/19/2013 09:08:16.016,1721.0,1721.0,1719.0,1719.0,21692.0,1720.1537317905218
09/19/2013 09:11:03.298,1719.0,1720.5,1718.75,1720.0,21771.0,1719.541614992421
09/19/2013 09:14:32.499,1720.0,1720.25,1718.75,1718.75,21731.0,1719.5056716211864
09/19/2013 09:18:00.951,1718.75,1719.25,1718.0,1718.25,21731.0,1718.5426004325618
09/19/2013 09:22:27.239,1718.0,1719.75,1717.75,1719.5,21730.0,1718.7017717441324
09/19/2013 09:25:08.404,1719.5,1721.0,1719.25,1720.75,21731.0,1720.2456513736138
09/19/2013 09:29:28.551,1720.75,1721.0,1719.75,1719.75,21731.0,1720.4702613777554
09/19/2013 09:35:22.237,1719.75,1720.5,1718.5,1718.75,21726.0,1719.3580157415079
09/19/2013 09:41:38.343,1718.75,1720.0,1718.25,1720.0,21736.0,1719.183014354067
09/19/2013 09:48:43.316,1720.0,1720.5,1719.25,1719.25,21732.0,1719.9385928584575
09/19/2013 09:58:52.646,1719.25,1720.0,1718.75,1719.75,21730.0,1719.3916244822826
09/19/2013 10:07:49.435,1719.75,1720.0,1719.0,1719.0,21732.0,1719.4772110252163
09/19/2013 10:12:25.012,1719.0,1719.25,1717.5,1717.75,21726.0,1718.1247353401454
09/19/2013 10:19:29.838,1717.75,1719.0,1717.5,1719.0,21716.0,1718.1541720390496
09/19/2013 10:28:54.152,1719.0,1719.5,1718.0,1718.25,21746.0,1718.6801135841074
09/19/2013 10:32:13.563,1718.25,1718.75,1717.0,1717.0,21736.0,1717.8381256900993
09/19/2013 10:33:43.035,1717.0,1717.25,1715.5,1715.75,21727.0,1716.4876305978737
09/19/2013 10:36:53.420,1715.75,1717.25,1715.5,1716.75,21735.0,1716.407004830918
09/19/2013 10:47:05.649,1716.75,1717.75,1716.5,1717.25,21686.0,1717.0885479110948
09/19/2013 10:57:07.800,1717.25,1717.5,1716.25,1716.5,21765.0,1716.711670112566
09/19/2013 11:05:23.254,1716.5,1718.25,1716.25,1718.25,21737.0,1717.4182039839905
09/19/2013 11:15:19.544,1718.25,1718.75,1717.75,1718.0,21724.0,1718.3185186890075
09/19/2013 11:29:11.517,1718.25,1718.5,1717.5,1718.0,21742.0,1717.8457593597645
09/19/2013 11:46:27.286,1718.0,1718.25,1716.75,1717.0,21714.0,1717.490501519757
09/19/2013 12:01:45.057,1717.0,1717.25,1716.0,1716.0,21743.0,1716.6017683852274
09/19/2013 12:08:58.348,1716.0,1716.25,1714.75,1714.75,21737.0,1715.5292013617334
09/19/2013 12:12:50.894,1714.75,1715.25,1714.0,1714.75,21731.0,1714.542358842207
09/19/2013 12:23:00.211,1714.75,1716.5,1714.75,1716.0,21645.0,1715.7035112035112
09/19/2013 12:36:44.340,1716.0,1716.25,1714.5,1715.0,21814.0,1715.386460529935
09/19/2013 12:50:08.423,1715.0,1716.0,1714.75,1715.0,21733.0,1715.2064602217824
09/19/2013 12:59:07.515,1715.0,1715.25,1713.5,1714.0,21729.0,1714.2081780109531
09/19/2013 13:09:05.235,1714.0,1714.75,1713.25,1714.5,21731.0,1714.0055220652523
09/19/2013 13:19:39.592,1714.5,1716.5,1714.5,1716.5,21734.0,1715.4122342872918
09/19/2013 13:32:21.111,1716.5,1716.5,1714.5,1714.5,21718.0,1715.4275255548393
09/19/2013 13:49:11.098,1714.5,1715.5,1713.75,1715.5,21737.0,1714.5701223719925
09/19/2013 14:05:21.850,1715.5,1716.25,1714.75,1715.75,21737.0,1715.5146064314304
09/19/2013 14:14:26.219,1715.75,1716.75,1715.75,1716.25,21716.0,1716.1317807146804
09/19/2013 14:23:46.262,1716.25,1717.5,1716.0,1717.0,21743.0,1716.7170123717979
09/19/2013 14:30:40.885,1717.0,1717.25,1716.0,1716.5,21719.0,1716.6077052350477
09/19/2013 14:45:09.050,1716.5,1716.75,1715.75,1716.5,21734.0,1716.2054039753382
09/19/2013 14:50:10.633,1716.5,1717.0,1715.5,1715.75,21744.0,1716.2468267108168
09/19/2013 14:55:11.764,1715.75,1716.5,1715.0,1715.0,21731.0,1715.7201463347292
09/19/2013 14:58:19.518,1715.0,1715.75,1714.5,1715.5,21730.0,1715.110480901979
09/19/2013 14:59:59.877,1715.5,1715.75,1715.0,1715.5,21710.0,1715.405746199908
09/19/2013 15:00:29.560,1715.5,1716.0,1715.0,1715.5,21750.0,1715.5513563218392
09/19/2013 15:04:53.846,1715.5,1716.5,1715.25,1716.5,21733.0,1715.7523696682465
09/19/2013 15:14:00.326,1716.5,1717.75,1716.25,1717.5,21722.0,1716.975715864101
09/19/2013 18:46:30.369,1717.5,1717.75,1715.5,1716.0,21738.0,1716.9106863556906
09/20/2013 02:09:22.928,1716.0,1716.25,1714.25,1715.5,21734.0,1715.4006165455048
09/20/2013 03:29:29.912,1715.5,1717.5,1714.75,1717.0,21730.0,1716.1858720662678
09/20/2013 05:16:24.341,1717.0,1717.5,1716.0,1717.0,21731.0,1716.7590308775482
09/20/2013 06:30:27.897,1717.0,1718.5,1716.5,1718.0,21731.0,1717.6015599834338
09/20/2013 07:05:33.667,1718.0,1718.25,1714.5,1715.0,21729.0,1716.2473307561324
09/20/2013 07:20:00.798,1715.0,1715.5,1713.75,1714.0,21726.0,1714.6964121329283
09/20/2013 07:33:51.419,1714.0,1715.75,1713.75,1715.75,21739.0,1714.667498504991
09/20/2013 07:52:40.434,1715.75,1716.0,1714.0,1715.75,21731.0,1715.0283120887211
09/20/2013 08:14:57.067,1715.5,1717.25,1715.25,1717.25,21730.0,1716.1260354348826
09/20/2013 08:21:42.811,1717.0,1719.0,1717.0,1718.75,21732.0,1718.3042517945887
09/20/2013 08:29:01.568,1718.75,1719.25,1718.0,1719.25,21731.0,1718.7883438405963
09/20/2013 08:30:13.405,1719.25,1719.5,1717.75,1718.0,21728.0,1718.7207060014728
09/20/2013 08:32:44.003,1718.0,1718.0,1717.0,1717.5,21723.0,1717.4223058509415
09/20/2013 08:35:32.426,1717.5,1717.75,1716.5,1716.75,21741.0,1717.0811945172716
09/20/2013 08:39:19.161,1716.75,1717.75,1716.25,1717.75,21724.0,1717.1326873503958
09/20/2013 08:43:23.251,1717.75,1718.0,1716.25,1716.75,21739.0,1716.9652467914807
09/20/2013 08:47:47.178,1716.75,1717.0,1715.5,1715.5,21574.0,1716.1659984240289
09/20/2013 08:52:27.521,1715.5,1716.5,1715.25,1716.25,21881.0,1715.6785910150359
09/20/2013 08:56:20.131,1716.25,1716.5,1714.75,1715.0,21737.0,1715.8379261167595
09/20/2013 08:57:51.417,1715.0,1715.25,1713.0,1713.0,21713.0,1713.9811403306774
09/20/2013 09:00:04.890,1713.0,1714.75,1713.0,1714.5,21750.0,1713.9989425287356
09/20/2013 09:05:17.648,1714.5,1715.25,1713.25,1713.5,21730.0,1714.5512885411872
09/20/2013 09:10:56.767,1713.5,1714.25,1713.0,1714.25,21731.0,1713.5470871105795
09/20/2013 09:12:20.765,1714.25,1714.25,1711.75,1712.25,21732.0,1712.6198002944966
09/20/2013 09:17:27.580,1712.25,1713.75,1712.0,1713.75,21707.0,1712.9748813746717
09/20/2013 09:24:49.930,1713.5,1714.5,1713.0,1714.5,21754.0,1713.5863289509975
09/20/2013 09:32:30.525,1714.5,1714.75,1713.5,1714.0,21716.0,1714.0784444649107
09/20/2013 09:40:27.978,1714.0,1715.25,1713.75,1714.75,21743.0,1714.698362691441
09/20/2013 09:47:12.060,1714.75,1715.75,1714.25,1714.25,21714.0,1715.1132333978078
09/20/2013 09:51:34.044,1714.25,1715.25,1713.75,1715.0,21752.0,1714.5980829349025
09/20/2013 09:57:57.086,1715.0,1715.25,1713.25,1713.5,21729.0,1714.190678356114
09/20/2013 10:07:12.259,1713.5,1715.25,1713.25,1714.0,21733.0,1714.347213914324
09/20/2013 10:14:43.039,1714.0,1714.25,1712.25,1712.5,21729.0,1713.2497123659625
09/20/2013 10:21:45.548,1712.5,1713.0,1711.75,1712.0,21732.0,1712.4948463095895
09/20/2013 10:26:11.989,1712.0,1712.0,1711.0,1711.25,21711.0,1711.483153700889
09/20/2013 10:32:01.551,1711.25,1713.0,1711.0,1712.75,21749.0,1711.8856269253758
09/20/2013 10:38:36.397,1712.75,1712.75,1711.0,1711.5,21733.0,1711.9226061749414
09/20/2013 10:43:37.018,1711.25,1711.5,1710.25,1710.25,21732.0,1710.7950832873182
09/20/2013 10:52:24.535,1710.25,1711.0,1709.75,1710.5,21649.0,1710.3257194327682
09/20/2013 10:58:42.630,1710.5,1711.0,1708.75,1709.0,21813.0,1709.8662953284738
09/20/2013 11:01:19.495,1708.75,1709.0,1707.75,1709.0,21712.0,1708.4264922623433
09/20/2013 11:09:05.795,1709.0,1710.0,1708.25,1709.5,21681.0,1709.1410566855773
09/20/2013 11:22:46.514,1709.5,1709.75,1707.5,1707.75,21800.0,1708.6867889908258
09/20/2013 11:27:21.573,1707.75,1708.0,1706.75,1707.5,21721.0,1707.24976980802
09/20/2013 11:35:02.639,1707.5,1708.25,1706.75,1707.0,21739.0,1707.3490155940935
09/20/2013 11:45:35.532,1707.0,1709.5,1707.0,1709.25,21721.0,1708.2795566502464
09/20/2013 11:57:01.142,1709.25,1710.0,1709.0,1709.5,21743.0,1709.4562617854021
09/20/2013 12:11:45.779,1709.5,1710.0,1708.0,1708.5,21731.0,1708.9886912705351
09/20/2013 12:19:14.183,1708.5,1708.5,1706.25,1707.0,21730.0,1707.4161642890015
09/20/2013 12:27:57.287,1707.0,1707.75,1706.0,1707.5,21731.0,1706.9893240071788
09/20/2013 12:41:06.586,1707.5,1708.25,1705.5,1705.75,21732.0,1707.0173016749493
09/20/2013 12:47:07.852,1705.75,1706.5,1705.25,1706.25,21727.0,1705.7935172826437
09/20/2013 13:00:50.490,1706.25,1707.25,1705.0,1705.0,21686.0,1706.2049017799502
09/20/2013 13:04:22.518,1705.0,1705.5,1704.25,1705.5,21761.0,1704.9022678185745
09/20/2013 13:17:45.899,1705.5,1705.75,1704.5,1705.25,21750.0,1705.1344137931035
09/20/2013 13:28:32.857,1705.25,1707.25,1704.75,1706.5,21731.0,1706.100524596199
09/20/2013 13:39:33.386,1706.5,1707.25,1704.75,1704.75,21730.0,1706.1778647031754
09/20/2013 13:45:54.341,1704.75,1706.0,1704.0,1704.75,21722.0,1704.8700741184052
09/20/2013 13:57:45.690,1704.75,1706.75,1704.75,1706.25,21741.0,1705.841118163838
09/20/2013 14:09:11.182,1706.25,1707.0,1705.75,1706.0,21731.0,1706.4007293727855
09/20/2013 14:14:45.342,1706.0,1706.25,1704.5,1704.75,21710.0,1705.2988254260708
09/20/2013 14:22:50.447,1704.75,1706.0,1704.25,1704.5,21750.0,1705.134563218391
09/20/2013 14:26:42.147,1704.5,1704.5,1703.25,1704.25,21733.0,1703.7960474853908
09/20/2013 14:30:21.967,1704.25,1704.25,1702.0,1702.25,21727.0,1703.1273530630092
09/20/2013 14:35:02.193,1702.25,1703.0,1701.25,1701.5,21727.0,1702.4433884107332
09/20/2013 14:38:36.070,1701.5,1704.25,1701.5,1703.75,21728.0,1702.8762196244477
09/20/2013 14:44:24.217,1703.75,1704.75,1703.25,1704.5,21739.0,1704.0910230461384
09/20/2013 14:49:26.202,1704.5,1704.5,1702.0,1702.5,21682.0,1703.2072687021493
09/20/2013 14:53:51.513,1702.75,1704.0,1702.25,1703.25,21783.0,1703.2936234678418
09/20/2013 14:57:28.195,1703.25,1704.25,1703.0,1704.0,21731.0,1703.8810570153237
09/20/2013 14:59:16.526,1704.0,1704.25,1702.5,1702.5,21729.0,1703.319964103272
09/20/2013 14:59:57.372,1702.75,1703.25,1702.25,1702.75,21717.0,1702.7768568402635
09/20/2013 15:00:00.049,1702.75,1703.0,1702.0,1702.75,21728.0,1702.669171115611
09/20/2013 15:00:07.387,1702.75,1703.25,1701.5,1703.0,21717.0,1702.5115692775246
09/20/2013 15:01:19.456,1703.0,1703.25,1701.5,1702.0,21745.0,1702.4854794205564
09/20/2013 15:03:50.498,1702.0,1702.25,1701.25,1701.5,21750.0,1701.7139770114943
09/20/2013 15:07:29.105,1701.5,1703.0,1701.25,1702.25,21720.0,1702.3512546040515
09/20/2013 15:14:02.677,1702.25,1703.25,1702.0,1703.0,21739.0,1702.860308661852
09/20/2013 16:14:50.077,1703.0,1704.75,1702.0,1703.75,21734.0,1703.2776525259962
09/20/2013 16:14:59.251,1703.75,1703.75,1703.5,1703.75,346.0,1703.5520231213873
